Street ID,Street Name,Street Suffix,Street Suffix Direction,Official Street Name,Thomas Brothers Map,Street Type
813,ALTA MURA,ROAD,,ALTA MURA ROAD,631D3,PRIVATE STREET NAMES
9142,ARVIA,ST,,ARVIA STREET,594H4,PUBLIC STREET NAMES
9249,ANOKA,PL,,ANOKA PLACE,630J4,PUBLIC STREET NAMES
1263,AVENUE 56,,,AVENUE 56,565C7,PUBLIC STREET NAMES
9410,ALISO,ST,,ALISO STREET,634G3,PUBLIC STREET NAMES
1270,AVENUE 49,,,AVENUE 49,595A1,PUBLIC STREET NAMES
1296,AVENUE 23,,,AVENUE 23,594J7,PUBLIC STREET NAMES
9184,ARIEL,AVE,,ARIEL AVENUE,530H4,PUBLIC STREET NAMES
9450,ALBERTINE,ST,,ALBERTINE STREET,635B7,PUBLIC STREET NAMES
9322,AMAPOLA,LANE,,AMAPOLA LANE,592B7,PUBLIC STREET NAMES
9364,ALTA,ST,,ALTA STREET,635B1,PUBLIC STREET NAMES
9414,ALHAMA,DR,,ALHAMA DRIVE,560B3,PUBLIC STREET NAMES
9462,ALANDELE,AVE,,ALANDELE AVENUE,633B3,PUBLIC STREET NAMES
9239,APEX,AVE,,APEX AVENUE,594D5,PUBLIC STREET NAMES
802,ANTWERP,ST,,ANTWERP STREET,704F5,PRIVATE STREET NAMES
9057,AYR,ST,,AYR STREET,594E4,PUBLIC STREET NAMES
9524,ACADEMIA,DR,,ACADEMIA DRIVE,561E6,PUBLIC STREET NAMES
9529,ABINGTON,DR,,ABINGTON DRIVE,592C1,PUBLIC STREET NAMES
9439,ALDAMA,TER,,ALDAMA TERRACE,595B2,PUBLIC STREET NAMES
9104,ATWOOD,PL,,ATWOOD PLACE,635C3,PUBLIC STREET NAMES
9185,ARGYLE,AVE,,ARGYLE AVENUE,593F3,PUBLIC STREET NAMES
9533,ABBOTT,PL,,ABBOTT PLACE,595B2,PUBLIC STREET NAMES
9115,ATHENS,BLVD,,ATHENS BOULEVARD,734B1,PUBLIC STREET NAMES
9449,ALBION,ST,,ALBION STREET,634J1,PUBLIC STREET NAMES
9418,ALGODON,CT,,ALGODON COURT,593A2,PUBLIC STREET NAMES
9181,ARIZONA,AVE,,ARIZONA AVENUE,672G7,PUBLIC STREET NAMES
9488,ADOBE,ST,,ADOBE STREET,634G2,PUBLIC STREET NAMES
9520,ACALA,AVE,,ACALA AVENUE,502A1,PUBLIC STREET NAMES
9425,ALEXANDRIA,PL,,ALEXANDRIA PLACE,593J7,PUBLIC STREET NAMES
9298,AMORET,DR,,AMORET DRIVE,504A5,PUBLIC STREET NAMES
814,ALTA MESA,DR,,ALTA MESA DRIVE,562F6,PRIVATE STREET NAMES
9452,ALBERTA,DR,,ALBERTA DRIVE,672E6,PUBLIC STREET NAMES
9308,AMETHYST,CT,,AMETHYST COURT,595C7,PUBLIC STREET NAMES
9093,AURORA,ST,,AURORA STREET,634J1,PUBLIC STREET NAMES
9860,ABBEY,ROAD,,ABBEY ROAD,531A7,PUBLIC STREET NAMES
9130,ASHFORD,ST,,ASHFORD STREET,631E3,PUBLIC STREET NAMES
9463,ALANDA,PL,,ALANDA PLACE,592G3,PUBLIC STREET NAMES
9293,AMPARA,LANE,,AMPARA LANE,NA,PUBLIC STREET NAMES
9157,ARROWOOD,DR,,ARROWOOD DRIVE,592F3,PUBLIC STREET NAMES
9626,AMIGO,,,AMIGO,823F7,UNOFFICIAL PRIVATE STREET NAMES
808,ANDREA,CIR,SOUTH,ANDREA CIRCLE SOUTH,500J4,PRIVATE STREET NAMES
9082,AVENIDA DE SANTA YNEZ,,,AVENIDA DE SANTA YNEZ,630F1,PUBLIC STREET NAMES
9287,ANATOLA,AVE,,ANATOLA AVENUE,531B4,PUBLIC STREET NAMES
9382,ALMETZ,ST,,ALMETZ STREET,482B1,PUBLIC STREET NAMES
1259,AVENUE 60,,,AVENUE 60,595C2,PUBLIC STREET NAMES
1293,AVENUE 26,,,AVENUE 26,595A7,PUBLIC STREET NAMES
9307,AMETHYST,ST,,AMETHYST STREET,595C6,PUBLIC STREET NAMES
9047,AZURE,PL,,AZURE PLACE,631G1,PUBLIC STREET NAMES
9259,ANISE,AVE,,ANISE AVENUE,702F1,PUBLIC STREET NAMES
9922,ALIYAH,WAY,,ALIYAH WAY,559D1,PRIVATE STREET NAMES
1278,AVENUE 41,,,AVENUE 41,564H6,PUBLIC STREET NAMES
9051,AZUCENA,ROAD,,AZUCENA ROAD,559J4,PUBLIC STREET NAMES
11000,AVENIDA LA RAMA,,,AVENIDA LA RAMA,500D2,PRIVATE ROADWAY NAMES
805,ANTELO,ROAD,,ANTELO ROAD,561H7,PRIVATE STREET NAMES
10022,ABBOT KINNEY,BLVD,,ABBOT KINNEY BOULEVARD,671G5,PUBLIC STREET NAMES
9399,ALLESANDRO,PKWY,,ALLESANDRO PARKWAY,594F2,PUBLIC STREET NAMES
9432,ALEGRE,PL,,ALEGRE PLACE,594J2,PUBLIC STREET NAMES
9282,ANDALUSIA,AVE,,ANDALUSIA AVENUE,671H6,PUBLIC STREET NAMES
9472,AIRLIE,DR,,AIRLIE DRIVE,503J1,PUBLIC STREET NAMES
9200,ARCHWOOD,ST,,ARCHWOOD STREET,533A6,PUBLIC STREET NAMES
9848,ACACIA,,,ACACIA,481G1,UNOFFICIAL PRIVATE STREET NAMES
9062,AVON,WAY,,AVON WAY,672E5,PUBLIC STREET NAMES
10963,AMALFI,WAY,,AMALFI WAY,500C1,PRIVATE ROADWAY NAMES
9242,ANTWERP,ST,,ANTWERP STREET,704F4,PUBLIC STREET NAMES
9484,AFTON,PL,,AFTON PLACE,593F5,PUBLIC STREET NAMES
10971,ALMETZ,CIR,,ALMETZ CIRCLE,482B1,PRIVATE ROADWAY NAMES
1261,AVENUE 58,,,AVENUE 58,595C2,PUBLIC STREET NAMES
9161,ARNWOOD,ROAD,,ARNWOOD ROAD,503B1,PUBLIC STREET NAMES
9258,ANITA,AVE,,ANITA AVENUE,631F3,PUBLIC STREET NAMES
9222,ARAGON,CT,,ARAGON COURT,671H6,PUBLIC STREET NAMES
9451,ALBERTA,ST,,ALBERTA STREET,823J6,PUBLIC STREET NAMES
9493,ADKINS,AVE,,ADKINS AVENUE,595F7,PUBLIC STREET NAMES
9305,AMHERST,AVE,,AMHERST AVENUE,632A7,PUBLIC STREET NAMES
9261,ANGOSTURA,PL,,ANGOSTURA PLACE,560H5,PUBLIC STREET NAMES
9476,AIKEN,AVE,,AIKEN AVENUE,632E5,PUBLIC STREET NAMES
9386,ALMA REAL,DR,,ALMA REAL DRIVE,631A7,PUBLIC STREET NAMES
9136,ASCOT,WALK,,ASCOT WALK,674D6,PUBLIC STREET NAMES
9402,ALLENTOWN,PL,,ALLENTOWN PLACE,560E3,PUBLIC STREET NAMES
9511,ACORN,ST,,ACORN STREET,499J6,PUBLIC STREET NAMES
9466,ALAMEDA,ST,,ALAMEDA STREET,634G4,PUBLIC STREET NAMES
9145,ARTRUDE,ST,,ARTRUDE STREET,503A5,PUBLIC STREET NAMES
9166,ARMSTRONG,AVE,,ARMSTRONG AVENUE,594D3,PUBLIC STREET NAMES
9106,ATWATER,AVE,,ATWATER AVENUE,594E2,PUBLIC STREET NAMES
9537,ABALONE,AVE,,ABALONE AVENUE,823H7,PUBLIC STREET NAMES
9224,ARABIC,ST,,ARABIC STREET,794C7,PUBLIC STREET NAMES
9272,ANGELA,AVE,,ANGELA AVENUE,529F5,PUBLIC STREET NAMES
10268,ANDOVER,LANE,,ANDOVER LANE,702F1,PUBLIC STREET NAMES
9436,ALDEN,DR,,ALDEN DRIVE,632G1,PUBLIC STREET NAMES
9353,ALTAVAN,AVE,,ALTAVAN AVENUE,702D2,PUBLIC STREET NAMES
9299,AMOR,ROAD,,AMOR ROAD,592J1,PUBLIC STREET NAMES
807,ANN,ST,,ANN STREET,634H2,PRIVATE STREET NAMES
9100,AUCKLAND,AVE,,AUCKLAND AVENUE,563B4,PUBLIC STREET NAMES
9198,ARCOS,DR,,ARCOS DRIVE,560A4,PUBLIC STREET NAMES
10097,ADELPHIA,AVE,,ADELPHIA AVENUE,NA,PRIVATE STREET NAMES
9501,ADELAIDE,PL,,ADELAIDE PLACE,595E1,PUBLIC STREET NAMES
9177,ARLENE,TER,,ARLENE TERRACE,592H2,PUBLIC STREET NAMES
9325,AMALFI,DR,,AMALFI DRIVE,631C7,PUBLIC STREET NAMES
9379,ALMONT,DR,,ALMONT DRIVE,632H1,PUBLIC STREET NAMES
9378,ALMONT,ST,,ALMONT STREET,595F5,PUBLIC STREET NAMES
9134,ASHBY,AVE,,ASHBY AVENUE,632D6,PUBLIC STREET NAMES
9214,ARBOR DELL,PL,,ARBOR DELL PLACE,565C4,PUBLIC STREET NAMES
1268,AVENUE 51,,,AVENUE 51,565B7,PUBLIC STREET NAMES
9182,ARISTO,PL,,ARISTO PLACE,481B5,PUBLIC STREET NAMES
1282,AVENUE 37,,,AVENUE 37,595A6,PUBLIC STREET NAMES
9301,AMIRANTE,DR,,AMIRANTE DRIVE,823G6,PUBLIC STREET NAMES
10866,AMERICAN,PL,,AMERICAN PLACE,565A7,PRIVATE ROADWAY NAMES
9154,ARROYO SECO,AVE,,ARROYO SECO AVENUE,595A6,PUBLIC STREET NAMES
10045,ARI,LANE,,ARI LANE,591E4,PRIVATE ROADWAY NAMES
9396,ALLISON,AVE,,ALLISON AVENUE,634E1,PUBLIC STREET NAMES
9517,ACANTO,ST,,ACANTO STREET,631H1,PUBLIC STREET NAMES
823,AGAJANIAN,DR,,AGAJANIAN DRIVE,794A7,PRIVATE STREET NAMES
9217,ARBOL,ST,,ARBOL STREET,595A3,PUBLIC STREET NAMES
9471,AIROLE,WAY,,AIROLE WAY,592A6,PUBLIC STREET NAMES
811,ANACAPA,ST,,ANACAPA STREET,NA,PRIVATE STREET NAMES
9108,ATRON,AVE,,ATRON AVENUE,529F3,PUBLIC STREET NAMES
9530,ABIGAIL,PL,,ABIGAIL PLACE,702J2,PUBLIC STREET NAMES
9443,ALCOTT,ST,,ALCOTT STREET,633A4,PUBLIC STREET NAMES
9213,ARBOR DELL,ROAD,,ARBOR DELL ROAD,565C5,PUBLIC STREET NAMES
9273,ANETA,ST,,ANETA STREET,672F6,PUBLIC STREET NAMES
9133,ASHDALE,AVE,,ASHDALE AVENUE,631H1,PUBLIC STREET NAMES
9072,AVERILL PARK,DR,,AVERILL PARK DRIVE,823H6,PUBLIC STREET NAMES
10804,AVENIDA ALEGRE,,,AVENIDA ALEGRE,500D1,PRIVATE ROADWAY NAMES
9385,ALMAYO,AVE,,ALMAYO AVENUE,632D5,PUBLIC STREET NAMES
9275,ANDREW,AVE,,ANDREW AVENUE,481E7,PUBLIC STREET NAMES
9523,ACADEMY,DR,,ACADEMY DRIVE,594G7,PUBLIC STREET NAMES
9486,ADRIAN,ST,,ADRIAN STREET,594B6,PUBLIC STREET NAMES
9422,ALGER,ST,,ALGER STREET,564D6,PUBLIC STREET NAMES
9367,ALSACE,AVE,,ALSACE AVENUE,633C6,PUBLIC STREET NAMES
9084,AVENIDA DE CORTEZ,,,AVENIDA DE CORTEZ,630F1,PUBLIC STREET NAMES
9352,ALTA VIEW,DR,,ALTA VIEW DRIVE,563A7,PUBLIC STREET NAMES
9469,AKRON,ST,,AKRON STREET,630H5,PUBLIC STREET NAMES
9464,ALANA,DR,,ALANA DRIVE,561F7,PUBLIC STREET NAMES
9271,ANGELAINE,WAY,,ANGELAINE WAY,481B5,PUBLIC STREET NAMES
9254,ANNAN,TR,,ANNAN TRAIL,565D7,PUBLIC STREET NAMES
9139,ARYE,PL,,ARYE PLACE,481C5,PUBLIC STREET NAMES
10562,AGUSTIN,PL,,AGUSTIN PLACE,702D1,PUBLIC STREET NAMES
9384,ALMAZAN,ROAD,,ALMAZAN ROAD,560C5,PUBLIC STREET NAMES
9294,AMOROSO,PL,,AMOROSO PLACE,671J5,PUBLIC STREET NAMES
9071,AVERY,ST,,AVERY STREET,634H5,PUBLIC STREET NAMES
798,ARMONA,CT,,ARMONA COURT,824C4,PRIVATE STREET NAMES
9409,ALIZONDO,DR,,ALIZONDO DRIVE,560A5,PUBLIC STREET NAMES
9276,ANDRAE,CT,,ANDRAE COURT,501G6,PUBLIC STREET NAMES
9099,AUDREY,PL,,AUDREY PLACE,594E4,PUBLIC STREET NAMES
9383,ALMERIA,ST,,ALMERIA STREET,854A1,PUBLIC STREET NAMES
9304,AMIDON,PL,,AMIDON PLACE,504A2,PUBLIC STREET NAMES
9975,ASHTEAD,CT,,ASHTEAD COURT,NA,PRIVATE STREET NAMES
9110,ATLAS,ST,,ATLAS STREET,709A6,PUBLIC STREET NAMES
9393,ALLVIEW,TER,WEST,ALLVIEW TERRACE WEST,593H2,PUBLIC STREET NAMES
9288,ANASTASIA,DR,,ANASTASIA DRIVE,561A6,PUBLIC STREET NAMES
9405,ALLEGHENY,ST,,ALLEGHENY STREET,502J5,PUBLIC STREET NAMES
797,ARNO,WAY,,ARNO WAY,630H6,PRIVATE STREET NAMES
9348,ALTMAN,AVE,,ALTMAN AVENUE,632G6,PUBLIC STREET NAMES
9202,ARCHER,ST,,ARCHER STREET,595C1,PUBLIC STREET NAMES
9407,ALLAN,ST,,ALLAN STREET,595F6,PUBLIC STREET NAMES
10803,AVENIDA PALOMA,,,AVENIDA PALOMA,500D1,PRIVATE ROADWAY NAMES
9503,ADDISON,WAY,,ADDISON WAY,565A6,PUBLIC STREET NAMES
9306,AMEY,ST,,AMEY STREET,634A6,PUBLIC STREET NAMES
9080,AVENIDA DEL SOL,,,AVENIDA DEL SOL,480G7,PUBLIC STREET NAMES
9413,ALHAMBRA,AVE,,ALHAMBRA AVENUE,634H2,PUBLIC STREET NAMES
1287,AVENUE 32,,,AVENUE 32,595A6,PUBLIC STREET NAMES
1274,AVENUE 45,,,AVENUE 45,564J7,PUBLIC STREET NAMES
9135,ASH,ST,,ASH STREET,675E3,PUBLIC STREET NAMES
9144,ARUNDEL,DR,,ARUNDEL DRIVE,560E3,PUBLIC STREET NAMES
10520,AIRPORT BUSINESS PARK,WAY,,AIRPORT BUSINESS PARK WAY,531D4,PUBLIC STREET NAMES
10323,AIRPARK,WAY,,AIRPARK WAY,482E3,PRIVATE ROADWAY NAMES
9255,ANNAN,TER,,ANNAN TERRACE,565C7,PUBLIC STREET NAMES
9470,AIRPORT,BLVD,,AIRPORT BOULEVARD,702H1,PUBLIC STREET NAMES
9194,ARDSLEY,PL,,ARDSLEY PLACE,561D7,PUBLIC STREET NAMES
9573,AJAY,DR,,AJAY DRIVE,533B2,PUBLIC STREET NAMES
9118,ASUNCION,ST,,ASUNCION STREET,500H1,PUBLIC STREET NAMES
9067,AVOCA,ST,,AVOCA STREET,565C6,PUBLIC STREET NAMES
9240,ANZIO,ROAD,,ANZIO ROAD,591H6,PUBLIC STREET NAMES
9138,ASBURY,ST,,ASBURY STREET,594H4,PUBLIC STREET NAMES
9492,ADLER,AVE,,ADLER AVENUE,559E1,PUBLIC STREET NAMES
9326,AMADOR,ST,,AMADOR STREET,634H1,PUBLIC STREET NAMES
10958,AMBER,CT,,AMBER COURT,504A4,LIMITED ACCESS AREA NAMES
9117,ATHELING,WAY,,ATHELING WAY,529G5,PUBLIC STREET NAMES
9468,ALABAMA,AVE,,ALABAMA AVENUE,500A3,PUBLIC STREET NAMES
9103,ATWOOD,ST,,ATWOOD STREET,635C3,PUBLIC STREET NAMES
1301,AVENUE 18,,,AVENUE 18,594J7,PUBLIC STREET NAMES
9162,ARNOLD,ST,,ARNOLD STREET,594H6,PUBLIC STREET NAMES
9081,AVENIDA DEL SOL,,,AVENIDA DEL SOL,562F6,PUBLIC STREET NAMES
9509,ACRESITE,ST,,ACRESITE STREET,594E3,PUBLIC STREET NAMES
799,ARCHWOOD,ST,,ARCHWOOD STREET,532A6,PRIVATE STREET NAMES
10664,APULIA,CT,,APULIA COURT,500C1,PRIVATE STREET NAMES
9211,ARBRAMAR,AVE,,ARBRAMAR AVENUE,630J6,PUBLIC STREET NAMES
9474,AIRDROME,ST,,AIRDROME STREET,633A5,PUBLIC STREET NAMES
9321,AMAR,ST,,AMAR STREET,824A4,PUBLIC STREET NAMES
9498,ADELE,CT,,ADELE COURT,560E4,PUBLIC STREET NAMES
1286,AVENUE 33,,,AVENUE 33,595B6,PUBLIC STREET NAMES
9087,AVALONIA,ST,,AVALONIA STREET,NA,PUBLIC STREET NAMES
9086,AVENEL,ST,,AVENEL STREET,594D3,PUBLIC STREET NAMES
9354,ALTATA,DR,,ALTATA DRIVE,631A7,PUBLIC STREET NAMES
9149,ARTEMUS,ST,,ARTEMUS STREET,634J5,PUBLIC STREET NAMES
9400,ALLESANDRO,ST,,ALLESANDRO STREET,594D7,PUBLIC STREET NAMES
10446,ALEMANY,DR,,ALEMANY DRIVE,501H1,PRIVATE ROADWAY NAMES
9319,AMBASSADOR,ST,,AMBASSADOR STREET,632F4,PUBLIC STREET NAMES
9374,ALONDRA,DR,,ALONDRA DRIVE,630G5,PUBLIC STREET NAMES
10885,ASPIRE,CT,,ASPIRE COURT,593E5,LIMITED ACCESS AREA NAMES
11020,ALEKSANDER,LANE,,ALEKSANDER LANE,504A3,PRIVATE STREET NAMES
9473,AIRLANE,AVE,,AIRLANE AVENUE,702H2,PUBLIC STREET NAMES
9179,ARIZONA,PL,,ARIZONA PLACE,672G7,PUBLIC STREET NAMES
9508,ADA,ST,,ADA STREET,593A1,PUBLIC STREET NAMES
9264,ANGELUS,AVE,,ANGELUS AVENUE,594C6,PUBLIC STREET NAMES
9500,ADELANTE,AVE,,ADELANTE AVENUE,595G2,PUBLIC STREET NAMES
9480,AGUILAR,ST,,AGUILAR STREET,564G7,PUBLIC STREET NAMES
9125,ASHWOOD,AVE,,ASHWOOD AVENUE,672A4,PUBLIC STREET NAMES
1277,AVENUE 42,,,AVENUE 42,564H7,PUBLIC STREET NAMES
9429,ALENE,WALK,,ALENE WALK,504A5,PUBLIC STREET NAMES
9195,ARDMORE,AVE,,ARDMORE AVENUE,564C2,PUBLIC STREET NAMES
9340,ALTURA,ST,,ALTURA STREET,595A7,PUBLIC STREET NAMES
9505,ADAMS,BLVD,,ADAMS BOULEVARD,633A7,PUBLIC STREET NAMES
9320,AMBASSADOR,PL,,AMBASSADOR PLACE,793J3,PUBLIC STREET NAMES
9143,ARUNDEL,PL,,ARUNDEL PLACE,560F3,PUBLIC STREET NAMES
1269,AVENUE 50,,,AVENUE 50,565B7,PUBLIC STREET NAMES
9092,AUSTIN,ST,,AUSTIN STREET,559G4,PUBLIC STREET NAMES
9220,ARAPAHOE,ST,,ARAPAHOE STREET,634B5,PUBLIC STREET NAMES
9381,ALMIDOR,AVE,,ALMIDOR AVENUE,559G4,PUBLIC STREET NAMES
9152,ARROYO VERDE,ST,,ARROYO VERDE STREET,595E2,PUBLIC STREET NAMES
9120,ASTORIA,ST,,ASTORIA STREET,482C2,PUBLIC STREET NAMES
9516,ACARI,DR,,ACARI DRIVE,631H2,PUBLIC STREET NAMES
9442,ALCOVE,AVE,,ALCOVE AVENUE,562E5,PUBLIC STREET NAMES
10932,ADMINISTRATION,ROAD,,ADMINISTRATION ROAD,702D5,PRIVATE STREET NAMES
9445,ALCAZAR,ST,,ALCAZAR STREET,635B2,PUBLIC STREET NAMES
9479,AGUILAR,WAY,,AGUILAR WAY,564G7,PUBLIC STREET NAMES
1291,AVENUE 28,,,AVENUE 28,595B6,PUBLIC STREET NAMES
9113,ATLANTA,AVE,,ATLANTA AVENUE,500F3,PUBLIC STREET NAMES
9146,ARTHUR,ST,,ARTHUR STREET,594G2,PUBLIC STREET NAMES
9302,AMIGO,PL,,AMIGO PLACE,560J3,PUBLIC STREET NAMES
9241,ANZAC,AVE,,ANZAC AVENUE,704H6,PUBLIC STREET NAMES
9223,ARAGON,AVE,,ARAGON AVENUE,594J5,PUBLIC STREET NAMES
812,AMANDA,DR,,AMANDA DRIVE,562H6,PRIVATE STREET NAMES
9210,ARBUCKLE,AVE,,ARBUCKLE AVENUE,501J2,PUBLIC STREET NAMES
9538,ABALAR,ST,,ABALAR STREET,560C5,PUBLIC STREET NAMES
793,AUTUMN LEAF,CIR,,AUTUMN LEAF CIRCLE,592A1,PRIVATE STREET NAMES
9782,AMALFI,CT,,AMALFI COURT,631C7,PUBLIC STREET NAMES
9358,ALTA MESA,PL,,ALTA MESA PLACE,562E6,PUBLIC STREET NAMES
9424,ALFARENA,PL,,ALFARENA PLACE,560H5,PUBLIC STREET NAMES
9370,ALPHA,ST,,ALPHA STREET,597J1,PUBLIC STREET NAMES
9574,ASHTON,CT,,ASHTON COURT,529E4,PUBLIC STREET NAMES
9165,ARNAZ,DR,,ARNAZ DRIVE,632J2,PUBLIC STREET NAMES
10505,AMC,PL,,AMC PLACE,560A1,PRIVATE ROADWAY NAMES
1267,AVENUE 52,,,AVENUE 52,565B7,PUBLIC STREET NAMES
9412,ALHAMBRA,CT,,ALHAMBRA COURT,671H5,PUBLIC STREET NAMES
9434,ALDERGROVE,ST,,ALDERGROVE STREET,482B1,PUBLIC STREET NAMES
9196,ARDEN,PL,,ARDEN PLACE,593F7,PUBLIC STREET NAMES
9216,ARBOLADA,ROAD,,ARBOLADA ROAD,594C2,PUBLIC STREET NAMES
10736,ARCHWOOD,LANE,,ARCHWOOD LANE,531F6,PRIVATE STREET NAMES
9368,ALPINE,WAY,,ALPINE WAY,503J1,PUBLIC STREET NAMES
1298,AVENUE 21,,,AVENUE 21,594J7,PUBLIC STREET NAMES
10583,ASH,LANE,,ASH LANE,500E1,PRIVATE ROADWAY NAMES
9359,ALTA MESA,DR,,ALTA MESA DRIVE,562E6,PUBLIC STREET NAMES
9481,AGNEW,AVE,,AGNEW AVENUE,702F1,PUBLIC STREET NAMES
9433,ALDINE,CT,,ALDINE COURT,823J6,PUBLIC STREET NAMES
9069,AVILA,ST,,AVILA STREET,634H3,PUBLIC STREET NAMES
9267,ANGELO,CIR,,ANGELO CIRCLE,592C6,PUBLIC STREET NAMES
806,ANTELO,PL,,ANTELO PLACE,561H7,PRIVATE STREET NAMES
9116,ATHENA,AVE,,ATHENA AVENUE,793J6,PUBLIC STREET NAMES
9066,AVOCADO,ST,,AVOCADO STREET,709C7,PUBLIC STREET NAMES
9497,ADELE,DR,,ADELE DRIVE,560E4,PUBLIC STREET NAMES
9515,ACCRA,ST,,ACCRA STREET,500H1,PUBLIC STREET NAMES
9389,ALMADEN,DR,,ALMADEN DRIVE,595B1,PUBLIC STREET NAMES
9490,ADLON,ROAD,,ADLON ROAD,561C5,PUBLIC STREET NAMES
9475,AINSWORTH,ST,,AINSWORTH STREET,704B7,PUBLIC STREET NAMES
9243,ANTIOCH,ST,,ANTIOCH STREET,631A5,PUBLIC STREET NAMES
9446,ALBRO,ST,,ALBRO STREET,824A4,PUBLIC STREET NAMES
9215,ARBOR,PL,,ARBOR PLACE,734B1,PUBLIC STREET NAMES
9188,ARGONAUT,ST,,ARGONAUT STREET,702A3,PUBLIC STREET NAMES
10719,APPLE GROVE,LANE,,APPLE GROVE LANE,482G7,PRIVATE ROADWAY NAMES
9068,AVIVA,CT,,AVIVA COURT,481C6,PUBLIC STREET NAMES
10750,ARIELLE,LANE,,ARIELLE LANE,499J3,PRIVATE STREET NAMES
9437,ALDEA,AVE,,ALDEA AVENUE,561C1,PUBLIC STREET NAMES
9238,APOLLO,DR,,APOLLO DRIVE,593A2,PUBLIC STREET NAMES
794,ASTRAL,PL,,ASTRAL PLACE,593B3,PRIVATE STREET NAMES
9167,ARMSTEAD,ST,,ARMSTEAD STREET,599C1,PUBLIC STREET NAMES
9228,AQUA VERDE,CIR,,AQUA VERDE CIRCLE,591G2,PUBLIC STREET NAMES
9366,ALSKOG,ST,,ALSKOG STREET,533B1,PUBLIC STREET NAMES
9150,ARTEMIS,PL,,ARTEMIS PLACE,632A6,PUBLIC STREET NAMES
1252,AVENUE 67,,,AVENUE 67,595F1,PUBLIC STREET NAMES
9285,ANCHORAGE,ST,,ANCHORAGE STREET,671H7,PUBLIC STREET NAMES
9317,AMBER,PL,,AMBER PLACE,595D6,PUBLIC STREET NAMES
9534,ABBEYVILLE,AVE,,ABBEYVILLE AVENUE,559G4,PUBLIC STREET NAMES
9059,AXTELL,ST,,AXTELL STREET,595E6,PUBLIC STREET NAMES
9046,AZUSA,ST,,AZUSA STREET,634J5,PUBLIC STREET NAMES
9048,AZUL,TR,,AZUL TRAIL,529E1,PUBLIC STREET NAMES
9328,AMABEL,ST,,AMABEL STREET,595A5,PUBLIC STREET NAMES
9265,ANGELO VIEW,DR,,ANGELO VIEW DRIVE,592C5,PUBLIC STREET NAMES
9456,ALBERNI,AVE,,ALBERNI AVENUE,503B1,PUBLIC STREET NAMES
1266,AVENUE 53,,,AVENUE 53,565C7,PUBLIC STREET NAMES
10151,ALDA,PL,,ALDA PLACE,501H6,PRIVATE ROADWAY NAMES
1276,AVENUE 43,,,AVENUE 43,564J7,PUBLIC STREET NAMES
9219,ARARAT,ST,,ARARAT STREET,481J2,PUBLIC STREET NAMES
1289,AVENUE 30,,,AVENUE 30,595A7,PUBLIC STREET NAMES
9283,ANDALUSIA,AVE,,ANDALUSIA AVENUE,595A5,PUBLIC STREET NAMES
816,ALISAL,CT,,ALISAL COURT,631C6,PRIVATE STREET NAMES
9300,AMOND,LANE,,AMOND LANE,529F2,PUBLIC STREET NAMES
1285,AVENUE 34,,,AVENUE 34,595A6,PUBLIC STREET NAMES
9357,ALTAMONT,ST,,ALTAMONT STREET,594J4,PUBLIC STREET NAMES
9233,APPLETON,ST,,APPLETON STREET,594D1,PUBLIC STREET NAMES
9089,AVALON,PL,,AVALON PLACE,794E6,PUBLIC STREET NAMES
9073,AVERILL,AVE,,AVERILL AVENUE,823J5,PUBLIC STREET NAMES
9420,ALGINET,DR,,ALGINET DRIVE,561D7,PUBLIC STREET NAMES
9163,ARNO,WAY,,ARNO WAY,630H6,PUBLIC STREET NAMES
9460,ALBA,ST,,ALBA STREET,674G5,PUBLIC STREET NAMES
9625,AMADO,,,AMADO,823F7,UNOFFICIAL PRIVATE STREET NAMES
9504,ADDISON,ST,,ADDISON STREET,562E3,PUBLIC STREET NAMES
9101,AUBURN,ST,,AUBURN STREET,594D3,PUBLIC STREET NAMES
10106,ALLANDALE,DR,,ALLANDALE DRIVE,560G7,PRIVATE STREET NAMES
9955,ALOMAR,DR,,ALOMAR DRIVE,562D6,PRIVATE STREET NAMES
1294,AVENUE 25,,,AVENUE 25,594J7,PUBLIC STREET NAMES
9351,ALTA VISTA,AVE,,ALTA VISTA AVENUE,793J6,PUBLIC STREET NAMES
9453,ALBERTA,AVE,,ALBERTA AVENUE,671H6,PUBLIC STREET NAMES
9236,APPERSON,ST,,APPERSON STREET,504A4,PUBLIC STREET NAMES
9311,AMES,ST,,AMES STREET,594B3,PUBLIC STREET NAMES
9278,ANDORA,AVE,,ANDORA AVENUE,499J4,PUBLIC STREET NAMES
9274,ANDRITA,ST,,ANDRITA STREET,594F2,PUBLIC STREET NAMES
9102,ATWOOD,WALK,,ATWOOD WALK,635C3,PUBLIC STREET NAMES
9526,ABRIGO,AVE,,ABRIGO AVENUE,595B7,PUBLIC STREET NAMES
9147,ARTESIAN,ST,,ARTESIAN STREET,594J7,PUBLIC STREET NAMES
9187,ARGOSY,WAY,,ARGOSY WAY,593G2,PUBLIC STREET NAMES
9077,AVENIDA PUERTO VALLARTA,,,AVENIDA PUERTO VALLARTA,561A5,PUBLIC STREET NAMES
9269,ANGELINA,ST,,ANGELINA STREET,634E2,PUBLIC STREET NAMES
10071,AGAPANTHUS,PL,,AGAPANTHUS PLACE,559J1,PRIVATE ROADWAY NAMES
9286,ANCHOR,AVE,,ANCHOR AVENUE,632G6,PUBLIC STREET NAMES
1258,AVENUE 61,,,AVENUE 61,595C2,PUBLIC STREET NAMES
9221,ARAMA,AVE,,ARAMA AVENUE,504A6,PUBLIC STREET NAMES
9123,ASILOMAR,BLVD,,ASILOMAR BOULEVARD,630J6,PUBLIC STREET NAMES
809,ANDREA,CIR,NORTH,ANDREA CIRCLE NORTH,500J4,PRIVATE STREET NAMES
9375,ALONDRA,BLVD,,ALONDRA BOULEVARD,735F5,PUBLIC STREET NAMES
9408,ALLA,ROAD,,ALLA ROAD,672B5,PUBLIC STREET NAMES
810,ANCHORAGE,ROAD,,ANCHORAGE ROAD,824G1,PRIVATE STREET NAMES
10650,ADAMITE,TER,,ADAMITE TERRACE,794A5,PRIVATE ROADWAY NAMES
9131,ASHDALE,PL,,ASHDALE PLACE,631H1,PUBLIC STREET NAMES
9467,ALADDIN,ST,,ALADDIN STREET,673A2,PUBLIC STREET NAMES
9193,ARDWICK,ST,,ARDWICK STREET,559G5,PUBLIC STREET NAMES
9536,ABARGO,ST,,ABARGO STREET,560C4,PUBLIC STREET NAMES
1284,AVENUE 35,,,AVENUE 35,595A6,PUBLIC STREET NAMES
9531,ABERNATHY,DR,,ABERNATHY DRIVE,702H1,PUBLIC STREET NAMES
9415,ALGUNAS,ROAD,,ALGUNAS ROAD,559J5,PUBLIC STREET NAMES
1290,AVENUE 29,,,AVENUE 29,595A7,PUBLIC STREET NAMES
1273,AVENUE 46,,,AVENUE 46,565A7,PUBLIC STREET NAMES
9518,ACANTO,PL,,ACANTO PLACE,591G7,PUBLIC STREET NAMES
9262,ANGOLA,LANE,,ANGOLA LANE,NA,PUBLIC STREET NAMES
9295,AMOROSO,PL,,AMOROSO PLACE,671J5,PUBLIC STREET NAMES
9266,ANGELO,DR,,ANGELO DRIVE,592A2,PUBLIC STREET NAMES
819,ALBICORE,ST,,ALBICORE STREET,NA,PRIVATE STREET NAMES
9363,ALTAGRACIA,DR,,ALTAGRACIA DRIVE,504C5,PUBLIC STREET NAMES
10265,AZUCENA,DR,,AZUCENA DRIVE,559J4,PUBLIC STREET NAMES
9052,AZTEC,ST,,AZTEC STREET,482E1,PUBLIC STREET NAMES
9112,ATLANTIC,AVE,,ATLANTIC AVENUE,672D4,PUBLIC STREET NAMES
1265,AVENUE 54,,,AVENUE 54,595C1,PUBLIC STREET NAMES
9330,ALVIRA,ST,,ALVIRA STREET,633A4,PUBLIC STREET NAMES
791,AVION,DR,,AVION DRIVE,702H5,PRIVATE STREET NAMES
9401,ALLENWOOD,ROAD,,ALLENWOOD ROAD,592H2,PUBLIC STREET NAMES
9349,ALTIVO,WAY,,ALTIVO WAY,594F5,PUBLIC STREET NAMES
1256,AVENUE 63,,,AVENUE 63,565E7,PUBLIC STREET NAMES
9339,ALTURA,WALK,,ALTURA WALK,595B7,PUBLIC STREET NAMES
9312,AMERICAN,PL,,AMERICAN PLACE,565A7,PUBLIC STREET NAMES
9095,AULTS,AVE,,AULTS AVENUE,482C1,PUBLIC STREET NAMES
9347,ALTMAN,ST,,ALTMAN STREET,594G5,PUBLIC STREET NAMES
9427,ALEXANDER,ST,,ALEXANDER STREET,482D4,PUBLIC STREET NAMES
9360,ALTA LOMA,TER,,ALTA LOMA TERRACE,593E3,PUBLIC STREET NAMES
9440,ALDAMA,ST,,ALDAMA STREET,595D1,PUBLIC STREET NAMES
9061,AVONDALE,AVE,,AVONDALE AVENUE,631E4,PUBLIC STREET NAMES
9054,AZALIA,DR,,AZALIA DRIVE,560H5,PUBLIC STREET NAMES
9495,ADERNO,WAY,,ADERNO WAY,630H6,PUBLIC STREET NAMES
9292,AMPERE,AVE,,AMPERE AVENUE,532D6,PUBLIC STREET NAMES
9377,ALOHA,ST,,ALOHA STREET,594C3,PUBLIC STREET NAMES
9050,AZUL,CIR,,AZUL CIRCLE,529E1,PUBLIC STREET NAMES
9380,ALMOLOYA,DR,,ALMOLOYA DRIVE,631B6,PUBLIC STREET NAMES
10403,ALEMANY,DR,,ALEMANY DRIVE,501H1,PRIVATE ROADWAY NAMES
9342,ALTRIDGE,DR,,ALTRIDGE DRIVE,592D5,PUBLIC STREET NAMES
9129,ASHLAND,AVE,,ASHLAND AVENUE,595B7,PUBLIC STREET NAMES
10876,AMOTA,CT,,AMOTA COURT,561E4,PRIVATE STREET NAMES
9397,ALLIN,ST,,ALLIN STREET,672F5,PUBLIC STREET NAMES
9245,ANTHONY,PL,,ANTHONY PLACE,592C4,PUBLIC STREET NAMES
10431,ADAMS,CIR,,ADAMS CIRCLE,823H7,PRIVATE ROADWAY NAMES
1300,AVENUE 19,,,AVENUE 19,594J7,PUBLIC STREET NAMES
818,ALDAMA,ST,,ALDAMA STREET,595A3,PRIVATE STREET NAMES
1255,AVENUE 64,,,AVENUE 64,565E7,PUBLIC STREET NAMES
9289,ANAHEIM,ST,,ANAHEIM STREET,794F6,PUBLIC STREET NAMES
9392,ALMA,ST,,ALMA STREET,824A6,PUBLIC STREET NAMES
9079,AVENIDA HACIENDA,,,AVENIDA HACIENDA,560J3,PUBLIC STREET NAMES
9345,ALTON,ST,,ALTON STREET,794C7,PUBLIC STREET NAMES
10164,ASTRAL,DR,,ASTRAL DRIVE,593B2,PRIVATE STREET NAMES
9045,AZZURE,CT,,AZZURE COURT,591G2,PUBLIC STREET NAMES
822,AINTREE,LANE,,AINTREE LANE,675A1,PRIVATE STREET NAMES
9252,ANNAN,WAY,,ANNAN WAY,565D7,PUBLIC STREET NAMES
9458,ALBATA,ST,,ALBATA STREET,631H3,PUBLIC STREET NAMES
9121,ASPEN,DR,,ASPEN DRIVE,593G2,PUBLIC STREET NAMES
9331,ALVERSTONE,AVE,,ALVERSTONE AVENUE,672G7,PUBLIC STREET NAMES
1295,AVENUE 24,,,AVENUE 24,595A7,PUBLIC STREET NAMES
10326,ANGELUS,PZ,,ANGELUS PLAZA,675C1,PRIVATE ROADWAY NAMES
9270,ANGELES VISTA,BLVD,,ANGELES VISTA BOULEVARD,673D5,PUBLIC STREET NAMES
9337,ALVA,DR,,ALVA DRIVE,631B6,PUBLIC STREET NAMES
9189,ARGO,ST,,ARGO STREET,NA,PUBLIC STREET NAMES
9417,ALGOMA,AVE,,ALGOMA AVENUE,565B6,PUBLIC STREET NAMES
9329,ALVISO,AVE,,ALVISO AVENUE,673D6,PUBLIC STREET NAMES
9186,ARGUS,DR,,ARGUS DRIVE,565B5,PUBLIC STREET NAMES
9090,AVALON,BLVD,,AVALON BOULEVARD,674D2,PUBLIC STREET NAMES
10363,ARTHUR REESE,CT,,ARTHUR REESE COURT,671G5,PUBLIC STREET NAMES
10492,AVENIDA ORIENTE,,,AVENIDA ORIENTE,560J3,PRIVATE STREET NAMES
9465,ALAMO,ST,,ALAMO STREET,560B5,PUBLIC STREET NAMES
10911,AVENIDA DE MIRADA,,,AVENIDA DE MIRADA,481J5,LIMITED ACCESS AREA NAMES
9528,ABNER,ST,,ABNER STREET,635C2,PUBLIC STREET NAMES
9070,AVIATION,BLVD,,AVIATION BOULEVARD,702J7,PUBLIC STREET NAMES
9781,ASTRONAUT ELLISON S ONIZUKA,ST,,ASTRONAUT ELLISON S ONIZUKA STREET,634G4,PUBLIC STREET NAMES
9199,ARCOLA,AVE,,ARCOLA AVENUE,563C3,PUBLIC STREET NAMES
9074,AVENUE SAN LUIS,,,AVENUE SAN LUIS,560A3,PUBLIC STREET NAMES
9521,ACADEMY,ST,,ACADEMY STREET,595E6,PUBLIC STREET NAMES
9137,ASCOT,AVE,,ASCOT AVENUE,674F4,PUBLIC STREET NAMES
9369,ALPINE,ST,,ALPINE STREET,634F2,PUBLIC STREET NAMES
9246,ANTHONY,CIR,,ANTHONY CIRCLE,593A3,PUBLIC STREET NAMES
9441,ALCYONA,DR,,ALCYONA DRIVE,593F3,PUBLIC STREET NAMES
10660,ADOLFO,ST,,ADOLFO STREET,530H7,PRIVATE STREET NAMES
9218,ARATINA,ST,,ARATINA STREET,595F1,PUBLIC STREET NAMES
9231,APRICOT,LANE,,APRICOT LANE,592D3,PUBLIC STREET NAMES
9094,AURA,AVE,,AURA AVENUE,560G1,PUBLIC STREET NAMES
9296,AMOROSO,CT,,AMOROSO COURT,671J5,PUBLIC STREET NAMES
10490,ALYSE,CT,,ALYSE COURT,561E4,PRIVATE STREET NAMES
9097,AUGUSTA,ST,,AUGUSTA STREET,634H2,PUBLIC STREET NAMES
10914,ANAHEIM,WAY,,ANAHEIM WAY,794J6,PRIVATE ROADWAY NAMES
10873,AVENIDA BONITA,,,AVENIDA BONITA,502E1,PRIVATE ROADWAY NAMES
9171,ARMIDA,DR,,ARMIDA DRIVE,560D3,PUBLIC STREET NAMES
9355,ALTANO,ST,,ALTANO STREET,482D4,PUBLIC STREET NAMES
9802,AMBERWOOD,LANE,,AMBERWOOD LANE,500H3,PRIVATE STREET NAMES
9447,ALBRIGHT,ST,,ALBRIGHT STREET,631A4,PUBLIC STREET NAMES
9444,ALCIMA,AVE,,ALCIMA AVENUE,630J4,PUBLIC STREET NAMES
9535,ABBEY,PL,,ABBEY PLACE,633F4,PUBLIC STREET NAMES
796,ASTORIA,DR,,ASTORIA DRIVE,481J5,PRIVATE STREET NAMES
9623,ALOHA,DR,,ALOHA DRIVE,630J6,UNOFFICIAL PRIVATE STREET NAMES
9109,ATOLL,AVE,,ATOLL AVENUE,562D3,PUBLIC STREET NAMES
1257,AVENUE 62,,,AVENUE 62,595D1,PUBLIC STREET NAMES
9491,ADLON,PL,,ADLON PLACE,561C5,PUBLIC STREET NAMES
10267,ALTAMOR,DR,,ALTAMOR DRIVE,702F1,PUBLIC STREET NAMES
9203,ARCHDALE,ROAD,,ARCHDALE ROAD,561F6,PUBLIC STREET NAMES
9111,ATLANTIC,ST,,ATLANTIC STREET,635B7,PUBLIC STREET NAMES
9350,ALTA VISTA,BLVD,,ALTA VISTA BOULEVARD,633D1,PUBLIC STREET NAMES
9248,ANTELOPE,ROAD,,ANTELOPE ROAD,592D2,PUBLIC STREET NAMES
1299,AVENUE 20,,,AVENUE 20,634J1,PUBLIC STREET NAMES
9371,ALP,TR,,ALP TRAIL,504C4,PUBLIC STREET NAMES
9253,ANNAN,WALK,,ANNAN WALK,565D7,PUBLIC STREET NAMES
9234,APPLE,ST,,APPLE STREET,633C6,PUBLIC STREET NAMES
9532,ABERDEEN,AVE,,ABERDEEN AVENUE,594A2,PUBLIC STREET NAMES
10316,ARTESIAN,PL,,ARTESIAN PLACE,595A7,PUBLIC STREET NAMES
9175,ARLINGTON,AVE,,ARLINGTON AVENUE,633G6,PUBLIC STREET NAMES
9124,ASHWORTH,ST,,ASHWORTH STREET,765J1,PUBLIC STREET NAMES
9448,ALBRIGHT,AVE,,ALBRIGHT AVENUE,672E3,PUBLIC STREET NAMES
9336,ALVARADO,ST,,ALVARADO STREET,704F6,PUBLIC STREET NAMES
9122,ASMAN,AVE,,ASMAN AVENUE,529H5,PUBLIC STREET NAMES
9346,ALTO CEDRO,DR,,ALTO CEDRO DRIVE,592G2,PUBLIC STREET NAMES
9512,ACME,WALK,,ACME WALK,595B6,PUBLIC STREET NAMES
9164,ARNEL,PL,,ARNEL PLACE,500D3,PUBLIC STREET NAMES
9478,AIDA,PL,,AIDA PLACE,559H5,PUBLIC STREET NAMES
9085,AVENEL,TER,,AVENEL TERRACE,594D3,PUBLIC STREET NAMES
9303,AMIGO,AVE,,AMIGO AVENUE,560H3,PUBLIC STREET NAMES
9230,APRIL,LANE,,APRIL LANE,503J1,PUBLIC STREET NAMES
1254,AVENUE 65,,,AVENUE 65,595E1,PUBLIC STREET NAMES
1280,AVENUE 39,,,AVENUE 39,595B6,PUBLIC STREET NAMES
9055,AYRSHIRE,ROAD,,AYRSHIRE ROAD,631H2,PUBLIC STREET NAMES
9435,ALDER,DR,,ALDER DRIVE,594J3,PUBLIC STREET NAMES
9244,ANTIGUA,PL,,ANTIGUA PLACE,529C7,PUBLIC STREET NAMES
9053,AZORES,AVE,,AZORES AVENUE,482B2,PUBLIC STREET NAMES
9502,ADELAIDE,DR,,ADELAIDE DRIVE,631C7,PUBLIC STREET NAMES
10604,ANTE PERKOV,WAY,,ANTE PERKOV WAY,824C5,PUBLIC STREET NAMES
9309,AMESTOY,AVE,,AMESTOY AVENUE,561C3,PUBLIC STREET NAMES
9148,ARTESIA,FRWY,,ARTESIA FREEWAY,736A6,PUBLIC STREET NAMES
9169,ARMITAGE,ST,,ARMITAGE STREET,594E6,PUBLIC STREET NAMES
1297,AVENUE 22,,,AVENUE 22,594J6,PUBLIC STREET NAMES
9229,AQUA PURA,DR,,AQUA PURA DRIVE,594H7,PUBLIC STREET NAMES
9174,ARMACOST,AVE,,ARMACOST AVENUE,631H5,PUBLIC STREET NAMES
9172,ARMAND,AVE,,ARMAND AVENUE,794A4,PUBLIC STREET NAMES
9898,AUBREY,ROAD,,AUBREY ROAD,562B6,PRIVATE STREET NAMES
9507,ADAGIO,CT,,ADAGIO COURT,591G2,PUBLIC STREET NAMES
803,ANTIBES,CT,,ANTIBES COURT,NA,PRIVATE STREET NAMES
9235,APPIAN,WAY,,APPIAN WAY,592J3,PUBLIC STREET NAMES
9204,ARCH,DR,,ARCH DRIVE,562J5,PUBLIC STREET NAMES
9398,ALLESANDRO,WAY,,ALLESANDRO WAY,594E5,PUBLIC STREET NAMES
9297,AMORITA,PL,,AMORITA PLACE,560C1,PUBLIC STREET NAMES
9406,ALLASEBA,DR,,ALLASEBA DRIVE,672B2,PUBLIC STREET NAMES
9343,ALTOONA,PL,,ALTOONA PLACE,824E4,PUBLIC STREET NAMES
9251,ANNETTE,ST,,ANNETTE STREET,594J4,PUBLIC STREET NAMES
9237,APPELBY,ST,,APPELBY STREET,671J4,PUBLIC STREET NAMES
1283,AVENUE 36,,,AVENUE 36,595A6,PUBLIC STREET NAMES
1271,AVENUE 48,,,AVENUE 48,595A3,PUBLIC STREET NAMES
1272,AVENUE 47,,,AVENUE 47,595A1,PUBLIC STREET NAMES
9257,ANKARA,CT,,ANKARA COURT,500J1,PUBLIC STREET NAMES
9454,ALBERS,ST,,ALBERS STREET,562J2,PUBLIC STREET NAMES
9510,ACRE,ST,,ACRE STREET,531F1,PUBLIC STREET NAMES
9132,ASHDALE,LANE,,ASHDALE LANE,592G1,PUBLIC STREET NAMES
9525,ACACIA,ST,,ACACIA STREET,673B6,PUBLIC STREET NAMES
9049,AZUL,DR,,AZUL DRIVE,529D1,PUBLIC STREET NAMES
9091,AUTUMN LEAF,CIR,,AUTUMN LEAF CIRCLE,592A1,PUBLIC STREET NAMES
9209,ARBUTUS,DR,,ARBUTUS DRIVE,591D7,PUBLIC STREET NAMES
9365,ALTA,PL,,ALTA PLACE,595B6,PUBLIC STREET NAMES
9075,AVENUE OF THE STARS,,,AVENUE OF THE STARS,632E4,PUBLIC STREET NAMES
9064,AVON,ST,,AVON STREET,594F5,PUBLIC STREET NAMES
9291,ANABAS,AVE,,ANABAS AVENUE,823H7,PUBLIC STREET NAMES
9372,ALONZO,PL,,ALONZO PLACE,561B4,PUBLIC STREET NAMES
9141,ARVIDA,DR,,ARVIDA DRIVE,481A5,PUBLIC STREET NAMES
9180,ARIZONA,CIR,,ARIZONA CIRCLE,672G7,PUBLIC STREET NAMES
9280,ANDERSON,ST,,ANDERSON STREET,674H5,PUBLIC STREET NAMES
9419,ALGINET,PL,,ALGINET PLACE,561D7,PUBLIC STREET NAMES
9361,ALTAIR,PL,,ALTAIR PLACE,671H6,PUBLIC STREET NAMES
9127,ASHMORE,PL,,ASHMORE PLACE,594E6,PUBLIC STREET NAMES
9232,APPLETON,WAY,,APPLETON WAY,672A3,PUBLIC STREET NAMES
9421,ALGIERS,ST,,ALGIERS STREET,500H1,PUBLIC STREET NAMES
9334,ALVARO,ST,,ALVARO STREET,704F6,PUBLIC STREET NAMES
9226,AQUA VISTA,ST,,AQUA VISTA STREET,563A5,PUBLIC STREET NAMES
9522,ACADEMY,ROAD,,ACADEMY ROAD,594G7,PUBLIC STREET NAMES
9158,ARROWHEAD,PL,,ARROWHEAD PLACE,595F1,PUBLIC STREET NAMES
1260,AVENUE 59,,,AVENUE 59,595C2,PUBLIC STREET NAMES
9190,ARGENTINE,ROAD,,ARGENTINE ROAD,560A5,PUBLIC STREET NAMES
9362,ALTAIR,DR,,ALTAIR DRIVE,631F2,PUBLIC STREET NAMES
9056,AYRES,AVE,,AYRES AVENUE,632D5,PUBLIC STREET NAMES
10238,ABRAHAM,TER,,ABRAHAM TERRACE,794A3,PRIVATE ROADWAY NAMES
10014,ANNEY,LANE,,ANNEY LANE,531A7,PRIVATE STREET NAMES
9063,AVON,TER,,AVON TERRACE,594F5,PUBLIC STREET NAMES
9356,ALTA MURA,ROAD,,ALTA MURA ROAD,631D3,PUBLIC STREET NAMES
9156,ARROYO,DR,,ARROYO DRIVE,793H7,PUBLIC STREET NAMES
9494,ADINA,DR,,ADINA DRIVE,563C7,PUBLIC STREET NAMES
10794,AVENIDA DE LUKA,,,AVENIDA DE LUKA,482A3,PRIVATE ROADWAY NAMES
9323,AMANITA,AVE,,AMANITA AVENUE,504C5,PUBLIC STREET NAMES
9096,AUGUSTINE,CT,,AUGUSTINE COURT,595A7,PUBLIC STREET NAMES
9076,AVENUE MORELOS,,,AVENUE MORELOS,560A4,PUBLIC STREET NAMES
9268,ANGELINA,PL,,ANGELINA PLACE,560D3,PUBLIC STREET NAMES
9227,AQUA VERDE,DR,,AQUA VERDE DRIVE,592G2,PUBLIC STREET NAMES
820,ALBA,ST,,ALBA STREET,674G4,PRIVATE STREET NAMES
1281,AVENUE 38,,,AVENUE 38,595A5,PUBLIC STREET NAMES
9527,ABOURNE,ROAD,,ABOURNE ROAD,673D3,PUBLIC STREET NAMES
9315,AMBROSE,AVE,,AMBROSE AVENUE,594A3,PUBLIC STREET NAMES
9395,ALLOTT,AVE,,ALLOTT AVENUE,562C4,PUBLIC STREET NAMES
10880,AUBURN,CT,,AUBURN COURT,680G3,LIMITED ACCESS AREA NAMES
9482,AGNES,AVE,,AGNES AVENUE,562G5,PUBLIC STREET NAMES
9540,A,ST,,A STREET,794A2,PUBLIC STREET NAMES
792,AVALON,BLVD,,AVALON BOULEVARD,824E1,PRIVATE STREET NAMES
9344,ALTO OAK,DR,,ALTO OAK DRIVE,593G2,PUBLIC STREET NAMES
9423,ALFRED,ST,,ALFRED STREET,633A3,PUBLIC STREET NAMES
9318,AMBAZAC,WAY,,AMBAZAC WAY,592A7,PUBLIC STREET NAMES
9247,ANTELOPE VALLEY,FRWY,,ANTELOPE VALLEY FREEWAY,481C1,PUBLIC STREET NAMES
9316,AMBOY,AVE,,AMBOY AVENUE,502A1,PUBLIC STREET NAMES
1288,AVENUE 31,,,AVENUE 31,595A7,PUBLIC STREET NAMES
9487,ADRIAN,PL,,ADRIAN PLACE,481B6,PUBLIC STREET NAMES
9624,AMABLE,,,AMABLE,823G7,UNOFFICIAL PRIVATE STREET NAMES
9539,AARON,ST,,AARON STREET,594D6,PUBLIC STREET NAMES
10448,ALBERTSONS,WAY,,ALBERTSONS WAY,531J4,PRIVATE ROADWAY NAMES
10048,AFTON,CT,,AFTON COURT,32B2A,PRIVATE STREET NAMES
9151,ART,ST,,ART STREET,503A5,PUBLIC STREET NAMES
1262,AVENUE 57,,,AVENUE 57,565C7,PUBLIC STREET NAMES
9098,AUGUST,ST,,AUGUST STREET,673C2,PUBLIC STREET NAMES
9416,ALGRANTI,AVE,,ALGRANTI AVENUE,482E2,PUBLIC STREET NAMES
9310,AMESBURY,ROAD,,AMESBURY ROAD,594B2,PUBLIC STREET NAMES
9430,ALENE,DR,,ALENE DRIVE,504A5,PUBLIC STREET NAMES
815,ALISAL,LANE,,ALISAL LANE,631C6,PRIVATE STREET NAMES
9170,ARMINTA,ST,,ARMINTA STREET,533A3,PUBLIC STREET NAMES
817,ALETHEA,DR,,ALETHEA DRIVE,503H1,PRIVATE STREET NAMES
801,APPALOOSA,WAY,,APPALOOSA WAY,502D4,PRIVATE STREET NAMES
824,ABBOTT,PL,,ABBOTT PLACE,NA,PRIVATE STREET NAMES
9455,ALBERS,PL,,ALBERS PLACE,562D2,PUBLIC STREET NAMES
795,ASTRAL,DR,,ASTRAL DRIVE,593B2,PRIVATE STREET NAMES
9387,ALMAR,PZ,,ALMAR PLAZA,630J6,PUBLIC STREET NAMES
9489,ADMIRAL,AVE,,ADMIRAL AVENUE,672C6,PUBLIC STREET NAMES
9155,ARROYO GLEN,ST,,ARROYO GLEN STREET,595D2,PUBLIC STREET NAMES
9205,ARCANA,ROAD,,ARCANA ROAD,560C5,PUBLIC STREET NAMES
10018,AVENIDA LAS BRISAS,,,AVENIDA LAS BRISAS,500J5,PRIVATE STREET NAMES
9206,ARCADIA,ST,,ARCADIA STREET,634G3,PUBLIC STREET NAMES
9499,ADELBERT,AVE,,ADELBERT AVENUE,594E3,PUBLIC STREET NAMES
9183,ARIMO,LANE,,ARIMO LANE,592B5,PUBLIC STREET NAMES
9197,ARDEN,BLVD,,ARDEN BOULEVARD,593F7,PUBLIC STREET NAMES
1253,AVENUE 66,,,AVENUE 66,595F1,PUBLIC STREET NAMES
9119,ASTRAL,DR,,ASTRAL DRIVE,593B2,PUBLIC STREET NAMES
1264,AVENUE 55,,,AVENUE 55,565C7,PUBLIC STREET NAMES
9225,AQUEDUCT,AVE,,AQUEDUCT AVENUE,531G2,PUBLIC STREET NAMES
1303,AVENUE 16,,,AVENUE 16,634J1,PUBLIC STREET NAMES
1302,AVENUE 17,,,AVENUE 17,634J1,PUBLIC STREET NAMES
9327,AMADOR,PL,,AMADOR PLACE,594H7,PUBLIC STREET NAMES
9250,ANOKA,DR,,ANOKA DRIVE,630J4,PUBLIC STREET NAMES
9394,ALLVIEW,TER,EAST,ALLVIEW TERRACE EAST,593H2,PUBLIC STREET NAMES
9438,ALDBURY,CT,,ALDBURY COURT,592C2,PUBLIC STREET NAMES
9060,AVON PARK,TER,,AVON PARK TERRACE,594F5,PUBLIC STREET NAMES
10590,AUTUMN GLEN,CT,,AUTUMN GLEN COURT,480D6,PRIVATE ROADWAY NAMES
9160,ARRIBA,DR,,ARRIBA DRIVE,560H4,PUBLIC STREET NAMES
9496,ADELPHIA,AVE,,ADELPHIA AVENUE,482C4,PUBLIC STREET NAMES
10440,ARTISANS,WAY,,ARTISANS WAY,672F6,PRIVATE STREET NAMES
9173,ARMADALE,AVE,,ARMADALE AVENUE,595A1,PUBLIC STREET NAMES
9107,ATTILLA,ROAD,,ATTILLA ROAD,631C7,PUBLIC STREET NAMES
9519,ACAMA,ST,,ACAMA STREET,563A5,PUBLIC STREET NAMES
9622,ADAMS,DR,,ADAMS DRIVE,824C7,UNOFFICIAL PRIVATE STREET NAMES
9114,ATHENS,WAY,,ATHENS WAY,704C6,PUBLIC STREET NAMES
9126,ASHTON,AVE,,ASHTON AVENUE,632A3,PUBLIC STREET NAMES
9058,AYLESWORTH,PL,,AYLESWORTH PLACE,595A7,PUBLIC STREET NAMES
9403,ALLENTOWN,DR,,ALLENTOWN DRIVE,560D3,PUBLIC STREET NAMES
1292,AVENUE 27,,,AVENUE 27,595A7,PUBLIC STREET NAMES
9514,ACHILLES,DR,,ACHILLES DRIVE,593A2,PUBLIC STREET NAMES
9391,ALMADALE,AVE,,ALMADALE AVENUE,635C1,PUBLIC STREET NAMES
9459,ALBANY,ST,,ALBANY STREET,634D4,PUBLIC STREET NAMES
9083,AVENIDA DE LA HERRADURA,,,AVENIDA DE LA HERRADURA,630F1,PUBLIC STREET NAMES
9477,AIGLON,ST,,AIGLON STREET,630J5,PUBLIC STREET NAMES
9373,ALONZO,AVE,,ALONZO AVENUE,561A1,PUBLIC STREET NAMES
9411,ALICE,ST,,ALICE STREET,594H5,PUBLIC STREET NAMES
9201,ARCHWOOD,PL,,ARCHWOOD PLACE,532J6,PUBLIC STREET NAMES
9263,ANGELUS,PL,,ANGELUS PLACE,671J6,PUBLIC STREET NAMES
9485,AETNA,ST,,AETNA STREET,532D7,PUBLIC STREET NAMES
800,ARBOLES,CT,,ARBOLES COURT,824C4,PRIVATE STREET NAMES
9431,ALEMAN,DR,,ALEMAN DRIVE,560F5,PUBLIC STREET NAMES
10513,ALEX,CT,,ALEX COURT,502G1,PRIVATE STREET NAMES
9178,ARLEE,PL,,ARLEE PLACE,482C1,PUBLIC STREET NAMES
10882,ABBEY,DR,,ABBEY DRIVE,671J7,PRIVATE ROADWAY NAMES
9212,ARBOR VITAE,ST,,ARBOR VITAE STREET,703B4,PUBLIC STREET NAMES
9483,AGATHA,ST,,AGATHA STREET,634F5,PUBLIC STREET NAMES
9388,ALMAR,AVE,,ALMAR AVENUE,630J5,PUBLIC STREET NAMES
9390,ALMADEN,CT,,ALMADEN COURT,592A2,PUBLIC STREET NAMES
10103,ASHURST,LANE,,ASHURST LANE,560H6,PRIVATE STREET NAMES
10453,ANTELOPE,ROAD,,ANTELOPE ROAD,592D2,PRIVATE STREET NAMES
10175,AHWANEE,LANE,,AHWANEE LANE,480E7,PRIVATE STREET NAMES
9333,ALVERN,CIR,,ALVERN CIRCLE,673A7,PUBLIC STREET NAMES
1279,AVENUE 40,,,AVENUE 40,564H6,PUBLIC STREET NAMES
9140,ARVILLA,AVE,,ARVILLA AVENUE,533B3,PUBLIC STREET NAMES
9192,ARGAN,AVE,,ARGAN AVENUE,672F4,PUBLIC STREET NAMES
9128,ASHLEY OAKS,,,ASHLEY OAKS,561D4,PUBLIC STREET NAMES
9279,ANDES,WALK,,ANDES WALK,595D2,PUBLIC STREET NAMES
9256,ANN,ST,,ANN STREET,634H2,PUBLIC STREET NAMES
9168,ARMOUR,AVE,,ARMOUR AVENUE,595D6,PUBLIC STREET NAMES
9078,AVENIDA ORIENTE,,,AVENIDA ORIENTE,560J2,PUBLIC STREET NAMES
9428,ALERION,PL,,ALERION PLACE,560D3,PUBLIC STREET NAMES
9153,ARROYO,ST,,ARROYO STREET,482D6,PUBLIC STREET NAMES
9313,AMELIA,AVE,,AMELIA AVENUE,824A2,PUBLIC STREET NAMES
9426,ALEXANDRIA,AVE,,ALEXANDRIA AVENUE,794A3,PUBLIC STREET NAMES
9982,ABBEYWOOD,DR,,ABBEYWOOD DRIVE,529D5,PUBLIC STREET NAMES
9404,ALLENFORD,AVE,,ALLENFORD AVENUE,631E4,PUBLIC STREET NAMES
9290,ANADALE,DR,,ANADALE DRIVE,560F6,PUBLIC STREET NAMES
9088,AVALON,ST,,AVALON STREET,594E6,PUBLIC STREET NAMES
9260,ANGUS,ST,,ANGUS STREET,594C3,PUBLIC STREET NAMES
9457,ALBATROSS,AVE,,ALBATROSS AVENUE,794E3,PUBLIC STREET NAMES
9341,ALTURA,AVE,,ALTURA AVENUE,504C6,PUBLIC STREET NAMES
9332,ALVERN,ST,,ALVERN STREET,672J7,PUBLIC STREET NAMES
9314,AMBROSE,TER,,AMBROSE TERRACE,594B3,PUBLIC STREET NAMES
9281,ANDASOL,AVE,,ANDASOL AVENUE,561C2,PUBLIC STREET NAMES
9159,ARROWHEAD,DR,,ARROWHEAD DRIVE,45622,PUBLIC STREET NAMES
9324,AMANDA,DR,,AMANDA DRIVE,562H6,PUBLIC STREET NAMES
9065,AVON,PL,,AVON PLACE,594F6,PUBLIC STREET NAMES
9797,ALANDELE,AVE,,ALANDELE AVENUE,633B2,PRIVATE STREET NAMES
10383,ANDROWE,LANE,,ANDROWE LANE,480D6,PRIVATE STREET NAMES
9541,ATHERTON,LANE,,ATHERTON LANE,529D4,PUBLIC STREET NAMES
9338,ALUMNI,AVE,,ALUMNI AVENUE,594J1,PUBLIC STREET NAMES
9506,ADAIR,ST,,ADAIR STREET,634E7,PUBLIC STREET NAMES
9277,ANDORA,PL,,ANDORA PLACE,499H5,PUBLIC STREET NAMES
10578,ANNA,LANE,,ANNA LANE,560J4,PRIVATE STREET NAMES
9513,ACKERMAN,DR,,ACKERMAN DRIVE,594H2,PUBLIC STREET NAMES
1275,AVENUE 44,,,AVENUE 44,594J1,PUBLIC STREET NAMES
9207,ARBY,DR,,ARBY DRIVE,592C1,PUBLIC STREET NAMES
9105,ATWELL,PL,,ATWELL PLACE,703A4,PUBLIC STREET NAMES
9335,ALVARADO,TER,,ALVARADO TERRACE,634B5,PUBLIC STREET NAMES
9461,ALATAR,DR,,ALATAR DRIVE,560B4,PUBLIC STREET NAMES
9176,ARLETA,AVE,,ARLETA AVENUE,532E1,PUBLIC STREET NAMES
9376,ALOMAR,DR,,ALOMAR DRIVE,562D6,PUBLIC STREET NAMES
821,AIRPORT,BLVD,,AIRPORT BOULEVARD,702H5,PRIVATE STREET NAMES
9284,ANCHOVY,AVE,,ANCHOVY AVENUE,823G7,PUBLIC STREET NAMES
11072,AURORA,WAY,,AURORA WAY,480D6,PRIVATE STREET NAMES
11203,ARROYO,CT,,ARROYO COURT,500E2,PRIVATE STREET NAMES
11196,ANDERSON,AVE,,ANDERSON AVE,504C7,PUBLIC STREET NAMES
11158,ANGEL,LANE,,ANGEL LANE,502F4,LIMITED ACCESS AREA NAMES
11070,ARBELLA,PL,,ARBELLA PLACE,480D6,PRIVATE STREET NAMES
11119,ANGELES TRAIL,WAY,,ANGELES TRAIL WAY,482F3,UNOFFICIAL PRIVATE STREET NAMES
11047,ARROYO SECO,PKWY,,ARROYO SECO PARKWAY,595D3,PUBLIC STREET NAMES
11118,ALTA VISTA,WAY,,ALTA VISTA WAY,482F3,UNOFFICIAL PRIVATE STREET NAMES
11183,AURORA,PL,,AURORA PLACE,702E1,PRIVATE ROADWAY NAMES
11166,ABBEY,LANE,,ABBEY LANE,480D7,PRIVATE STREET NAMES
11144,AZALEA,CT,,AZALEA COURT,530E1,PRIVATE ROADWAY NAMES
11071,AZURITA,CT,,AZURITA COURT,480D6,PRIVATE STREET NAMES
11062,ADAMSON,ST,,ADAMSON STREET,594E6,LIMITED ACCESS AREA NAMES
11190,AMANDA,LANE,,AMANDA LANE,481J2,PRIVATE ROADWAY NAMES
11142,ADRIAN,AVE,,ADRIAN AVENUE,530E1,PRIVATE ROADWAY NAMES
11173,ALBION,WAY,,ALBION WAY,480D7,PRIVATE STREET NAMES
10805,AVENIDA ALDEA,,,AVENIDA ALDEA,NA,PRIVATE ROADWAY NAMES
10993,AVENIDA ALDEA,,,AVENIDA ALDEA,500D2,PRIVATE ROADWAY NAMES
11108,ANCONA,WAY,,ANCONA WAY,480C7,PRIVATE STREET NAMES
11067,ARIA,DR,,ARIA DRIVE,632J7,LIMITED ACCESS AREA NAMES
11160,ABERDEEN,LANE,,ABERDEEN LANE,500D1,PRIVATE STREET NAMES
11197,AVENIDA ASHLEY,,,AVENIDA ASHLEY,NA,PRIVATE STREET NAMES
11220,ANGELES NATIONAL FOREST,,,ANGELES NATIONAL FOREST,4723G,UNOFFICIAL PRIVATE STREET NAMES
804,ANTELO VIEW,DR,,ANTELO VIEW DRIVE,561H7,PRIVATE STREET NAMES
11218,ACCESS,ROAD,,ACCESS ROAD,702J7,UNOFFICIAL PRIVATE STREET NAMES
11219,ALLEN,AVE,,ALLEN AVENUE,563.H,PUBLIC STREET NAMES
11238,ALEXANDRA,DR,,ALEXANDRA DRIVE,794B4,LIMITED ACCESS AREA NAMES
11244,ANAYA,DR,,ANAYA DRIVE,501H6,PRIVATE ROADWAY NAMES
11227,ALSACE,WAY,,ALSACE WAY,633C5,LIMITED ACCESS AREA NAMES
11263,AINSLEY,CT,,AINSLEY COURT,500C1,PRIVATE STREET NAMES
11272,ANI,WAY,,ANI WAY,532A5,LIMITED ACCESS AREA NAMES
11278,ARCHWOOD,CT,,ARCHWOOD COURT,531J6,LIMITED ACCESS AREA NAMES
