Street ID,Street Name,Street Suffix,Street Suffix Direction,Official Street Name,Thomas Brothers Map,Street Type
5716,ILONA,AVE,,ILONA AVENUE,632D5,PUBLIC STREET NAMES
5658,IRVINGTON,PL,,IRVINGTON PLACE,595B2,PUBLIC STREET NAMES
5726,I,ST,,I STREET,794E6,PUBLIC STREET NAMES
5651,ISLETA,ST,,ISLETA STREET,631H2,PUBLIC STREET NAMES
5701,INDIANAPOLIS,ST,,INDIANAPOLIS STREET,672B2,PUBLIC STREET NAMES
10758,ISAMAR,CT,,ISAMAR COURT,501J6,PRIVATE ROADWAY NAMES
5676,INWOOD,WALK,,INWOOD WALK,562C6,PUBLIC STREET NAMES
5691,INGLIS,WALK,,INGLIS WALK,594H2,PUBLIC STREET NAMES
523,IONE,PL,,IONE PLACE,563C7,PRIVATE STREET NAMES
9885,IVERSON,ROAD,,IVERSON ROAD,499H2,PUBLIC STREET NAMES
5720,IDYLWILD,AVE,,IDYLWILD AVENUE,595A6,PUBLIC STREET NAMES
527,INDEX,ST,,INDEX STREET,500G2,PRIVATE STREET NAMES
5640,IVY,ST,,IVY STREET,632H7,PUBLIC STREET NAMES
5664,IRMA,AVE,,IRMA AVENUE,503J3,PUBLIC STREET NAMES
5675,INYO,ST,,INYO STREET,595B7,PUBLIC STREET NAMES
5672,IOWA,AVE,,IOWA AVENUE,632A5,PUBLIC STREET NAMES
5693,INGLEWOOD,BLVD,,INGLEWOOD BOULEVARD,672B1,PUBLIC STREET NAMES
5643,IVAR,AVE,,IVAR AVENUE,593F3,PUBLIC STREET NAMES
526,INEZ,ST,,INEZ STREET,633J5,PRIVATE STREET NAMES
5638,IVYSIDE,PL,,IVYSIDE PLACE,561D7,PUBLIC STREET NAMES
9587,INDIAN HILL,LANE,,INDIAN HILL LANE,529D4,PUBLIC STREET NAMES
5679,INTERVALE,ROAD,,INTERVALE ROAD,NA,PUBLIC STREET NAMES
5649,ITHACA,AVE,,ITHACA AVENUE,635E1,PUBLIC STREET NAMES
10900,INSPIRE,LANE,,INSPIRE LANE,502F1,LIMITED ACCESS AREA NAMES
5656,ISABEL,DR,,ISABEL DRIVE,594H3,PUBLIC STREET NAMES
5690,INGOMAR,ST,,INGOMAR STREET,530A3,PUBLIC STREET NAMES
5692,INGLIS,DR,,INGLIS DRIVE,594H2,PUBLIC STREET NAMES
5681,INTERCEPTOR,ST,,INTERCEPTOR STREET,702J3,PUBLIC STREET NAMES
5667,IRIS,CIR,,IRIS CIRCLE,593D2,PUBLIC STREET NAMES
5723,IDA,ST,,IDA STREET,630H5,PUBLIC STREET NAMES
5712,IMPERIAL,ST,,IMPERIAL STREET,634H6,PUBLIC STREET NAMES
5666,IRIS,DR,,IRIS DRIVE,593D2,PUBLIC STREET NAMES
5706,INDIA,ST,,INDIA STREET,594E4,PUBLIC STREET NAMES
522,ISLAND,AVE,,ISLAND AVENUE,NA,PRIVATE STREET NAMES
5660,IRVINE,AVE,,IRVINE AVENUE,562H5,PUBLIC STREET NAMES
5682,INSTITUTE,PL,,INSTITUTE PLACE,593H6,PUBLIC STREET NAMES
5674,IONE,DR,,IONE DRIVE,563C7,PUBLIC STREET NAMES
5703,INDIANA,CT,,INDIANA COURT,671J4,PUBLIC STREET NAMES
528,IA,LANE,,IA LANE,559H5,PRIVATE STREET NAMES
5696,INGLEDALE,TER,,INGLEDALE TERRACE,594D2,PUBLIC STREET NAMES
5704,INDIANA,AVE,,INDIANA AVENUE,635C1,PUBLIC STREET NAMES
10769,ISLAND PALMS,LANE,,ISLAND PALMS LANE,482C4,PRIVATE ROADWAY NAMES
524,IONE,DR,,IONE DRIVE,563C7,PRIVATE STREET NAMES
5661,IRONSIDES,ST,,IRONSIDES STREET,701H1,PUBLIC STREET NAMES
5685,INNSDALE,DR,,INNSDALE DRIVE,563F7,PUBLIC STREET NAMES
9873,INDIAN,DR,,INDIAN DRIVE,500A1,PRIVATE STREET NAMES
5673,IONE,WALK,,IONE WALK,563C7,PUBLIC STREET NAMES
10256,INDEPENDENCE,AVE,,INDEPENDENCE AVENUE,530B1,PRIVATE STREET NAMES
5705,INDIANA,AVE,,INDIANA AVENUE,671J4,PUBLIC STREET NAMES
5652,ISLAND,AVE,,ISLAND AVENUE,794E5,PUBLIC STREET NAMES
5650,ITASCA,ST,,ITASCA STREET,501D5,PUBLIC STREET NAMES
5713,IMPERIAL,HWY,,IMPERIAL HIGHWAY,704H7,PUBLIC STREET NAMES
5668,IRENE,ST,,IRENE STREET,632E7,PUBLIC STREET NAMES
5698,INDUSTRIAL,WAY,,INDUSTRIAL WAY,675B2,PUBLIC STREET NAMES
5639,IVY GLEN,WAY,,IVY GLEN WAY,632E7,PUBLIC STREET NAMES
5710,INCA,PL,,INCA PLACE,NA,PUBLIC STREET NAMES
5688,INGRES,AVE,,INGRES AVENUE,481C4,PUBLIC STREET NAMES
5689,INGRAHAM,ST,,INGRAHAM STREET,634D3,PUBLIC STREET NAMES
5684,INSKEEP,AVE,,INSKEEP AVENUE,674C6,PUBLIC STREET NAMES
5699,INDUSTRIAL,ST,,INDUSTRIAL STREET,634G6,PUBLIC STREET NAMES
5669,IREDELL,ST,,IREDELL STREET,562G7,PUBLIC STREET NAMES
10205,INDIAN MEADOWS,PL,,INDIAN MEADOWS PLACE,481A6,PUBLIC STREET NAMES
5725,IBANEZ,AVE,,IBANEZ AVENUE,560B4,PUBLIC STREET NAMES
5645,IVAN HILL,TER,,IVAN HILL TERRACE,594D3,PUBLIC STREET NAMES
5714,IMOGEN,AVE,,IMOGEN AVENUE,594B7,PUBLIC STREET NAMES
5700,INDIAN HILLS,ROAD,,INDIAN HILLS ROAD,501H1,PUBLIC STREET NAMES
5702,INDIANA,ST,,INDIANA STREET,635C2,PUBLIC STREET NAMES
5663,IROLO,ST,,IROLO STREET,633J3,PUBLIC STREET NAMES
5655,ISABEL,ST,,ISABEL STREET,595A5,PUBLIC STREET NAMES
10614,ITASCA,ST,,ITASCA STREET,501C5,PRIVATE STREET NAMES
5722,IDAHO,AVE,,IDAHO AVENUE,632A5,PUBLIC STREET NAMES
5654,ISADORA,LANE,,ISADORA LANE,592A5,PUBLIC STREET NAMES
5709,INDEPENDENCE,AVE,,INDEPENDENCE AVENUE,500B2,PUBLIC STREET NAMES
5715,IMLAY,AVE,,IMLAY AVENUE,672F4,PUBLIC STREET NAMES
525,INTERNATIONAL,ROAD,,INTERNATIONAL ROAD,702J5,PRIVATE STREET NAMES
5708,INDEPENDENCIA,ST,,INDEPENDENCIA STREET,560A4,PUBLIC STREET NAMES
5662,IRONDALE,AVE,,IRONDALE AVENUE,560C2,PUBLIC STREET NAMES
5647,IVALEE,ST,,IVALEE STREET,NA,PUBLIC STREET NAMES
5683,INSPIRATION,WAY,,INSPIRATION WAY,503J5,PUBLIC STREET NAMES
5717,ILIFF,ST,,ILIFF STREET,631B4,PUBLIC STREET NAMES
5644,IVANHOE,DR,,IVANHOE DRIVE,594D3,PUBLIC STREET NAMES
5686,INNES,PL,,INNES PLACE,671G6,PUBLIC STREET NAMES
5665,IRIS,PL,,IRIS PLACE,593D2,PUBLIC STREET NAMES
5671,IPSWICH,ST,,IPSWICH STREET,NA,PUBLIC STREET NAMES
5697,INEZ,ST,,INEZ STREET,635B6,PUBLIC STREET NAMES
10160,INDEPENDENCE,WAY,,INDEPENDENCE WAY,501H7,PRIVATE ROADWAY NAMES
5648,IVADEL,PL,,IVADEL PLACE,561D4,PUBLIC STREET NAMES
5641,IVY,PL,,IVY PLACE,632C7,PUBLIC STREET NAMES
5721,IDELL,ST,,IDELL STREET,594J6,PUBLIC STREET NAMES
5653,ISIS,AVE,,ISIS AVENUE,702J2,PUBLIC STREET NAMES
5719,IGLESIA,DR,,IGLESIA DRIVE,560B5,PUBLIC STREET NAMES
5657,IRVINGTON,TER,,IRVINGTON TERRACE,595B2,PUBLIC STREET NAMES
10147,IRVING TABOR,CT,,IRVING TABOR COURT,671H6,PUBLIC STREET NAMES
5646,IVAN,CT,,IVAN COURT,594D3,PUBLIC STREET NAMES
5670,IREDELL,LANE,,IREDELL LANE,562G7,PUBLIC STREET NAMES
5659,IRVING,BLVD,,IRVING BOULEVARD,593G7,PUBLIC STREET NAMES
5642,IVARENE,AVE,,IVARENE AVENUE,593F3,PUBLIC STREET NAMES
5707,INDEX,ST,,INDEX STREET,501J1,PUBLIC STREET NAMES
5724,IDA,AVE,,IDA AVENUE,672B5,PUBLIC STREET NAMES
5678,INVERNESS,AVE,,INVERNESS AVENUE,594A2,PUBLIC STREET NAMES
9892,IPSWICH,CT,,IPSWICH COURT,591G2,PRIVATE STREET NAMES
5677,INWOOD,DR,,INWOOD DRIVE,562D6,PUBLIC STREET NAMES
5687,INNES,AVE,,INNES AVENUE,634F1,PUBLIC STREET NAMES
5695,INGLEPORT,AVE,,INGLEPORT AVENUE,NA,PUBLIC STREET NAMES
5718,ILEX,AVE,,ILEX AVENUE,502B1,PUBLIC STREET NAMES
5680,INTERNATIONAL,AVE,,INTERNATIONAL AVENUE,530A1,PUBLIC STREET NAMES
5711,INAVALE,PL,,INAVALE PLACE,631F1,PUBLIC STREET NAMES
