Street ID,Street Name,Street Suffix,Street Suffix Direction,Official Street Name,Thomas Brothers Map,Street Type
9923,NORTH POINTE,PL,,NORTH POINTE PLACE,560D1,PUBLIC STREET NAMES
4142,NAPOLEON,ST,,NAPOLEON STREET,702B4,PUBLIC STREET NAMES
4031,NORTH BROADWAY,,,NORTH BROADWAY,635C1,PUBLIC STREET NAMES
9699,NORTH CAYOTE CANYON,ROAD,,NORTH CAYOTE CANYON ROAD,563D5,UNOFFICIAL PRIVATE STREET NAMES
4014,NORTHVALE,ROAD,,NORTHVALE ROAD,632E6,PUBLIC STREET NAMES
4066,NIMES,PL,,NIMES PLACE,592B6,PUBLIC STREET NAMES
4068,NIGHTINGALE,DR,,NIGHTINGALE DRIVE,592H4,PUBLIC STREET NAMES
4013,NORTH VENICE,BLVD,,NORTH VENICE BOULEVARD,672A5,PUBLIC STREET NAMES
4132,NATCHEZ,PL,,NATCHEZ PLACE,824A3,PUBLIC STREET NAMES
4131,NATCHEZ,ST,,NATCHEZ STREET,824A2,PUBLIC STREET NAMES
4107,NEOLA,PL,,NEOLA PLACE,565C6,PUBLIC STREET NAMES
4127,NATOMA,AVE,,NATOMA AVENUE,560D4,PUBLIC STREET NAMES
4034,NORMANDIE,AVE,,NORMANDIE AVENUE,593J3,PUBLIC STREET NAMES
4133,NATALIE,LANE,,NATALIE LANE,529F2,PUBLIC STREET NAMES
4090,NEW ENGLAND,ST,,NEW ENGLAND STREET,634B6,PUBLIC STREET NAMES
4037,NORLINA,PL,,NORLINA PLACE,481B5,PUBLIC STREET NAMES
4024,NORTH HERBERT,AVE,,NORTH HERBERT AVENUE,824A3,PUBLIC STREET NAMES
4032,NORRIS,AVE,,NORRIS AVENUE,481F2,PUBLIC STREET NAMES
4110,NELLA VISTA,AVE,,NELLA VISTA AVENUE,594B2,PUBLIC STREET NAMES
4117,NEBRASKA,AVE,,NEBRASKA AVENUE,632B5,PUBLIC STREET NAMES
4122,NAVARRO,ST,,NAVARRO STREET,595E6,PUBLIC STREET NAMES
4134,NASSAU,AVE,,NASSAU AVENUE,503G2,PUBLIC STREET NAMES
4061,NITA,AVE,,NITA AVENUE,499J5,PUBLIC STREET NAMES
4138,NARDIAN,WAY,,NARDIAN WAY,702E2,PUBLIC STREET NAMES
4155,NADINA,ST,,NADINA STREET,503B1,PUBLIC STREET NAMES
4007,NORWICH,AVE,,NORWICH AVENUE,595G6,PUBLIC STREET NAMES
4064,NIMROD,PL,,NIMROD PLACE,631E4,PUBLIC STREET NAMES
4137,NARVA,ST,,NARVA STREET,635A2,PUBLIC STREET NAMES
4100,NEVA,PL,,NEVA PLACE,595D1,PUBLIC STREET NAMES
392,NOMAD,DR,,NOMAD DRIVE,560E3,PRIVATE STREET NAMES
4145,NAOMI,AVE,,NAOMI AVENUE,674E2,PUBLIC STREET NAMES
4082,NEW JERSEY,ST,,NEW JERSEY STREET,634J4,PUBLIC STREET NAMES
4123,NAVARRE,CT,,NAVARRE COURT,671H6,PUBLIC STREET NAMES
4135,NASHVILLE,ST,,NASHVILLE STREET,500G2,PUBLIC STREET NAMES
4033,NORMANDIE,PL,,NORMANDIE PLACE,593J7,PUBLIC STREET NAMES
9698,NAGOYA,WAY,,NAGOYA WAY,824C6,UNOFFICIAL PRIVATE STREET NAMES
3997,NOWITA,CT,,NOWITA COURT,671J5,PUBLIC STREET NAMES
4069,NICOLET,AVE,,NICOLET AVENUE,673C2,PUBLIC STREET NAMES
4019,NORTHRIDGE HILL,DR,,NORTHRIDGE HILL DRIVE,500F3,PUBLIC STREET NAMES
4020,NORTH PARK,AVE,,NORTH PARK AVENUE,672D3,PUBLIC STREET NAMES
3996,NOWITA,PL,,NOWITA PLACE,671J4,PUBLIC STREET NAMES
11002,NORTH SEAGLASS,CIR,,NORTH SEAGLASS CIRCLE,702E1,PRIVATE ROADWAY NAMES
4017,NORTHSTAR,CT,,NORTHSTAR COURT,701J1,PUBLIC STREET NAMES
4120,NAVY,ST,,NAVY STREET,672B1,PUBLIC STREET NAMES
4146,NANETTE,ST,,NANETTE STREET,481C5,PUBLIC STREET NAMES
4001,NOTTINGHAM,PL,,NOTTINGHAM PLACE,593J2,PUBLIC STREET NAMES
10245,NANTUCKET,LANE,,NANTUCKET LANE,823J6,PRIVATE ROADWAY NAMES
4112,NEENACH,ST,,NEENACH STREET,502H7,PUBLIC STREET NAMES
4035,NORMAN,PL,,NORMAN PLACE,591F7,PUBLIC STREET NAMES
24,NORTHSTAR,MALL,,NORTHSTAR MALL,701J1,PEDESTRIAN MALL NAMES
4075,NEY,ST,,NEY STREET,NA,PUBLIC STREET NAMES
4105,NEON,WAY,,NEON WAY,481B5,PUBLIC STREET NAMES
4154,NADIR,ST,,NADIR STREET,529E2,PUBLIC STREET NAMES
4098,NEVIN,AVE,,NEVIN AVENUE,674F2,PUBLIC STREET NAMES
4051,NOLA,PL,,NOLA PLACE,481A5,PUBLIC STREET NAMES
10107,NORTHFLEET,WAY,,NORTHFLEET WAY,560G6,PRIVATE STREET NAMES
398,NASSAU,AVE,,NASSAU AVENUE,10D2,PRIVATE STREET NAMES
4010,NORUMBEGA,CT,,NORUMBEGA COURT,673J2,PUBLIC STREET NAMES
389,NORTH TEMPLE,WAY,,NORTH TEMPLE WAY,634C4,PRIVATE STREET NAMES
4087,NEW HAMPSHIRE,AVE,,NEW HAMPSHIRE AVENUE,594A2,PUBLIC STREET NAMES
4143,NAPLES,AVE,,NAPLES AVENUE,672A5,PUBLIC STREET NAMES
4149,NANBERRY,ROAD,,NANBERRY ROAD,561D4,PUBLIC STREET NAMES
4028,NORTH FARING,ROAD,,NORTH FARING ROAD,592C6,PUBLIC STREET NAMES
10011,NORWICH,AVE,,NORWICH AVENUE,531H4,PRIVATE STREET NAMES
10243,NEWPORT,TER,,NEWPORT TERRACE,823J6,PRIVATE ROADWAY NAMES
10977,NORDHOFF,WAY,,NORDHOFF WAY,500F7,PUBLIC STREET NAMES
4030,NORTH,PL,,NORTH PLACE,635A1,PUBLIC STREET NAMES
4106,NEOLA,ST,,NEOLA STREET,565C6,PUBLIC STREET NAMES
4130,NATICK,AVE,,NATICK AVENUE,501J5,PUBLIC STREET NAMES
4094,NEWCOMB,WALK,,NEWCOMB WALK,562D6,PUBLIC STREET NAMES
4125,NAUD,ST,,NAUD STREET,634H2,PUBLIC STREET NAMES
4076,NEWTONIA,DR,,NEWTONIA DRIVE,595F4,PUBLIC STREET NAMES
4073,NICADA,DR,,NICADA DRIVE,562A7,PUBLIC STREET NAMES
4004,NOTTEARGENTA,ROAD,,NOTTEARGENTA ROAD,630F6,PUBLIC STREET NAMES
4081,NEWLAND,ST,,NEWLAND STREET,595D1,PUBLIC STREET NAMES
4009,NORWALK,AVE,,NORWALK AVENUE,565A6,PUBLIC STREET NAMES
10733,NICKLAUS,DR,,NICKLAUS DRIVE,481D2,PRIVATE STREET NAMES
10909,NAVY,WAY,,NAVY WAY,824F3,UNOFFICIAL PRIVATE STREET NAMES
4003,NOTTINGHAM,AVE,,NOTTINGHAM AVENUE,593J2,PUBLIC STREET NAMES
4048,NOMAR,ST,,NOMAR STREET,559E1,PUBLIC STREET NAMES
4113,NEEDLES,ST,,NEEDLES STREET,501J5,PUBLIC STREET NAMES
4077,NEWTON,ST,,NEWTON STREET,634G7,PUBLIC STREET NAMES
9822,NESTLE,AVE,,NESTLE AVENUE,530J7,PRIVATE STREET NAMES
4057,NOEL,PL,,NOEL PLACE,592F4,PUBLIC STREET NAMES
4126,NAU,AVE,,NAU AVENUE,500H1,PUBLIC STREET NAMES
4015,NORTHSTAR,ST,,NORTHSTAR STREET,701J1,PUBLIC STREET NAMES
10391,NOGA,DR,,NOGA DRIVE,560H6,PRIVATE STREET NAMES
10472,NOTTINGHAM,PL,,NOTTINGHAM PLACE,593J2,PRIVATE STREET NAMES
4041,NORDYKE,ST,,NORDYKE STREET,565C7,PUBLIC STREET NAMES
4144,NAPA,ST,,NAPA STREET,531J1,PUBLIC STREET NAMES
4093,NEWDALE,DR,,NEWDALE DRIVE,594B3,PUBLIC STREET NAMES
4040,NORELLE,ST,,NORELLE STREET,635D1,PUBLIC STREET NAMES
396,NEPTUNE,AVE,,NEPTUNE AVENUE,NA,PRIVATE STREET NAMES
4036,NORMAL,AVE,,NORMAL AVENUE,594A6,PUBLIC STREET NAMES
10276,NICHOLSON,ST,,NICHOLSON STREET,702B2,PUBLIC STREET NAMES
4055,NOELINE,WAY,,NOELINE WAY,561E4,PUBLIC STREET NAMES
4091,NEWELL,ST,,NEWELL STREET,594F4,PUBLIC STREET NAMES
4141,NAPOLI,DR,,NAPOLI DRIVE,631D4,PUBLIC STREET NAMES
10117,NORTH ZOO,DR,,NORTH ZOO DRIVE,564B4,PUBLIC STREET NAMES
4008,NORWAY,LANE,,NORWAY LANE,631G1,PUBLIC STREET NAMES
4026,NORTHFORD,DR,,NORTHFORD DRIVE,504B6,PUBLIC STREET NAMES
4042,NORDICA,DR,,NORDICA DRIVE,594J2,PUBLIC STREET NAMES
393,NOBLE,AVE,,NOBLE AVENUE,531H4,PRIVATE STREET NAMES
10645,NORTHWIND,LANE,,NORTHWIND LANE,501H6,PRIVATE ROADWAY NAMES
4027,NORTHFIELD,ST,,NORTHFIELD STREET,630J5,PUBLIC STREET NAMES
10162,NATOMA ESTATE,DR,,NATOMA ESTATE DRIVE,560D5,PRIVATE STREET NAMES
391,NORTH COLISEUM,DR,,NORTH COLISEUM DRIVE,NA,PRIVATE STREET NAMES
9918,NORFIELD,CT,,NORFIELD COURT,591G3,PRIVATE STREET NAMES
4114,NEEDHAM,ST,,NEEDHAM STREET,NA,PUBLIC STREET NAMES
4039,NORFOLK,AVE,,NORFOLK AVENUE,671J5,PUBLIC STREET NAMES
4111,NEKOMA,ST,,NEKOMA STREET,564J6,PUBLIC STREET NAMES
4078,NEWTON,ST,,NEWTON STREET,482E5,PUBLIC STREET NAMES
3993,NUGENT,PL,,NUGENT PLACE,481C5,PUBLIC STREET NAMES
4025,NORTHGATE,AVE,,NORTHGATE AVENUE,530A2,PUBLIC STREET NAMES
4016,NORTHSTAR,ST,,NORTHSTAR STREET,NA,PEDESTRIAN MALL NAMES
4058,NOBLE,AVE,,NOBLE AVENUE,501H2,PUBLIC STREET NAMES
4005,NORWOOD,ST,,NORWOOD STREET,634C6,PUBLIC STREET NAMES
4139,NARCISUS,CT,,NARCISUS COURT,671J6,PUBLIC STREET NAMES
4128,NATIONAL,PL,,NATIONAL PLACE,632D7,PUBLIC STREET NAMES
4022,NORTH MAIN,ST,,NORTH MAIN STREET,635B2,PUBLIC STREET NAMES
4065,NIMES,ROAD,,NIMES ROAD,592B6,PUBLIC STREET NAMES
4156,NADEAU,DR,,NADEAU DRIVE,633E5,PUBLIC STREET NAMES
4070,NICHOLSON,AVE,,NICHOLSON AVENUE,795A5,PUBLIC STREET NAMES
4029,NORTH COOLIDGE,AVE,,NORTH COOLIDGE AVENUE,594F4,PUBLIC STREET NAMES
4038,NORFOLK,ST,,NORFOLK STREET,635B2,PUBLIC STREET NAMES
4147,NANCY,ST,,NANCY STREET,672G7,PUBLIC STREET NAMES
3994,NUGENT,DR,,NUGENT DRIVE,481B6,PUBLIC STREET NAMES
4079,NEWPORT,CIR,,NEWPORT CIRCLE,529E5,PUBLIC STREET NAMES
3995,NOWITA,PL,,NOWITA PLACE,671J5,PUBLIC STREET NAMES
4021,NORTH MAYWOOD,AVE,,NORTH MAYWOOD AVENUE,565A5,PUBLIC STREET NAMES
10643,NAVARETH,WAY,,NAVARETH WAY,634J4,PRIVATE ROADWAY NAMES
3998,NOVICE,ST,,NOVICE STREET,501J6,PUBLIC STREET NAMES
4115,NEDRA,DR,,NEDRA DRIVE,481D5,PUBLIC STREET NAMES
4089,NEWGARD,AVE,,NEWGARD AVENUE,481H6,PUBLIC STREET NAMES
4059,NOB HILL,DR,,NOB HILL DRIVE,595A2,PUBLIC STREET NAMES
4104,NEOSHO,AVE,,NEOSHO AVENUE,672C5,PUBLIC STREET NAMES
399,NASH,DR,,NASH DRIVE,592J4,PRIVATE STREET NAMES
4088,NEWGATE,ROAD,,NEWGATE ROAD,529E5,PUBLIC STREET NAMES
4118,NEAL,DR,,NEAL DRIVE,565A5,PUBLIC STREET NAMES
4045,NORCROFT,AVE,,NORCROFT AVENUE,632B1,PUBLIC STREET NAMES
4080,NEWMAN,ST,,NEWMAN STREET,632F3,PUBLIC STREET NAMES
10569,NECTAR,LANE,,NECTAR LANE,562E2,PRIVATE STREET NAMES
4121,NAVY,CT,,NAVY COURT,671G5,PUBLIC STREET NAMES
4153,NAGLE,AVE,,NAGLE AVENUE,502A5,PUBLIC STREET NAMES
4063,NINA,PL,,NINA PLACE,672F5,PUBLIC STREET NAMES
4092,NEW DEPOT,ST,,NEW DEPOT STREET,634F2,PUBLIC STREET NAMES
4148,NANCE,ST,,NANCE STREET,561C5,PUBLIC STREET NAMES
4006,NORWICH,AVE,,NORWICH AVENUE,501H4,PUBLIC STREET NAMES
4054,NOFRAL,ROAD,,NOFRAL ROAD,560B4,PUBLIC STREET NAMES
4049,NOMAD,DR,,NOMAD DRIVE,560E4,PUBLIC STREET NAMES
4083,NEWHOME,PL,,NEWHOME PLACE,503F3,PUBLIC STREET NAMES
4053,NOGALES,DR,,NOGALES DRIVE,560G5,PUBLIC STREET NAMES
4018,NORTH SPRING,ST,,NORTH SPRING STREET,634J1,PUBLIC STREET NAMES
4047,NORA,PL,,NORA PLACE,481J6,PUBLIC STREET NAMES
4150,NALIN,PL,,NALIN PLACE,591H2,PUBLIC STREET NAMES
4099,NEVADA,AVE,,NEVADA AVENUE,500A7,PUBLIC STREET NAMES
390,NORTHRIDGE,ROAD,,NORTHRIDGE ROAD,500D3,PRIVATE STREET NAMES
3999,NOVICE,PL,,NOVICE PLACE,501J6,PUBLIC STREET NAMES
395,NEW DOCK,ST,,NEW DOCK STREET,824F3,PRIVATE STREET NAMES
10059,NOGA,WAY,,NOGA WAY,501G6,PUBLIC STREET NAMES
397,NEINDORFF,DR,,NEINDORFF DRIVE,593G3,PRIVATE STREET NAMES
4102,NESTLE,AVE,,NESTLE AVENUE,500J1,PUBLIC STREET NAMES
4109,NELROSE,AVE,,NELROSE AVENUE,672A5,PUBLIC STREET NAMES
4043,NORDHOFF,ST,,NORDHOFF STREET,502B7,PUBLIC STREET NAMES
4103,NEPTUNE,AVE,,NEPTUNE AVENUE,794D4,PUBLIC STREET NAMES
3992,NURMI,ST,,NURMI STREET,482B2,PUBLIC STREET NAMES
4157,N,ST,,N STREET,794E5,PUBLIC STREET NAMES
4101,NETTLETON,ST,,NETTLETON STREET,533A1,PUBLIC STREET NAMES
4085,NEW HIGH,ST,,NEW HIGH STREET,634G2,PUBLIC STREET NAMES
10379,NOLLAN,PL,,NOLLAN PLACE,532A3,PRIVATE STREET NAMES
4108,NELSON,ST,,NELSON STREET,824C5,PUBLIC STREET NAMES
4067,NILES,PL,,NILES PLACE,594F5,PUBLIC STREET NAMES
4129,NATIONAL,BLVD,,NATIONAL BOULEVARD,632H7,PUBLIC STREET NAMES
4050,NOLDEN,ST,,NOLDEN STREET,565C7,PUBLIC STREET NAMES
4062,NINFA,CT,,NINFA COURT,559J4,PUBLIC STREET NAMES
4086,NEW HAVEN,ST,,NEW HAVEN STREET,533A1,PUBLIC STREET NAMES
4044,NORDHOFF,PL,,NORDHOFF PLACE,500E7,PUBLIC STREET NAMES
4151,NALIN,DR,,NALIN DRIVE,591H2,PUBLIC STREET NAMES
4074,NIAGARA,WAY,,NIAGARA WAY,564J5,PUBLIC STREET NAMES
4095,NEWCOMB,DR,,NEWCOMB DRIVE,562D6,PUBLIC STREET NAMES
10891,NORTH ICON,CIR,,NORTH ICON CIRCLE,702D1,PRIVATE ROADWAY NAMES
4119,NAYLOR,AVE,,NAYLOR AVENUE,702G1,PUBLIC STREET NAMES
10878,NORRIS,PL,,NORRIS PLACE,481J5,PRIVATE ROADWAY NAMES
4011,NORTON,AVE,,NORTON AVENUE,593G7,PUBLIC STREET NAMES
9777,NORTH SUMMIT RIDGE,CIR,,NORTH SUMMIT RIDGE CIRCLE,499H6,PRIVATE STREET NAMES
4071,NICHOLS CANYON,ROAD,,NICHOLS CANYON ROAD,563B7,PUBLIC STREET NAMES
4097,NEWARK,AVE,,NEWARK AVENUE,595F7,PUBLIC STREET NAMES
4124,NAVAJO,ST,,NAVAJO STREET,563C5,PUBLIC STREET NAMES
4136,NASH,DR,,NASH DRIVE,592J3,PUBLIC STREET NAMES
4060,NOAKES,ST,,NOAKES STREET,675C2,PUBLIC STREET NAMES
4140,NARANJA,ROAD,,NARANJA ROAD,560C5,PUBLIC STREET NAMES
4000,NOVGOROD,ST,,NOVGOROD STREET,595E5,PUBLIC STREET NAMES
9191,NEUTRA,PL,,NEUTRA PLACE,594D5,PUBLIC STREET NAMES
4084,NEWHOME,AVE,,NEWHOME AVENUE,503F3,PUBLIC STREET NAMES
3991,NUTMEG,AVE,,NUTMEG AVENUE,672E4,PUBLIC STREET NAMES
4046,NORA LYNN,DR,,NORA LYNN DRIVE,559C1,PUBLIC STREET NAMES
4096,NEWCASTLE,AVE,,NEWCASTLE AVENUE,481A7,PUBLIC STREET NAMES
4056,NOELINE,AVE,,NOELINE AVENUE,561E3,PUBLIC STREET NAMES
4052,NOHLES,DR,,NOHLES DRIVE,503E3,PUBLIC STREET NAMES
10199,NORTHSIDE,PKWY,,NORTHSIDE PARKWAY,702E4,PUBLIC STREET NAMES
394,NIETO,LANE,,NIETO LANE,635C3,PRIVATE STREET NAMES
4012,NORTHWOODS VIEW,ROAD,,NORTHWOODS VIEW ROAD,529E5,PUBLIC STREET NAMES
10605,NELSON,ROAD,,NELSON ROAD,532A3,PUBLIC STREET NAMES
4023,NORTH KNOLL,DR,,NORTH KNOLL DRIVE,563E7,PUBLIC STREET NAMES
4072,NICHOLS CANYON,PL,,NICHOLS CANYON PLACE,593B1,PUBLIC STREET NAMES
4116,NEDDY,AVE,,NEDDY AVENUE,529D6,PUBLIC STREET NAMES
